Timestamp,SOC (%),Voltage (V),AC Status,Charging Status
2026-02-23 16:39:53,98.93,4.19,AC_CONNECTED,FULL
2026-02-23 16:40:22,98.93,4.19,AC_CONNECTED,FULL
2026-02-23 16:40:52,98.93,4.19,AC_CONNECTED,FULL
2026-02-23 16:41:22,98.93,4.19,AC_CONNECTED,FULL
2026-02-23 16:41:52,98.93,4.19,AC_CONNECTED,FULL
2026-02-23 16:42:22,98.93,4.22,AC_CONNECTED,FULL
2026-02-23 16:42:52,98.93,4.22,AC_CONNECTED,FULL
2026-02-23 16:43:22,99.08,4.224,AC_CONNECTED,FULL
2026-02-23 16:43:52,99.08,4.231,AC_CONNECTED,FULL
2026-02-23 16:44:22,99.24,4.235,AC_CONNECTED,FULL
2026-02-23 16:44:52,99.24,4.237,AC_CONNECTED,FULL
2026-02-23 16:45:22,99.4,4.237,AC_CONNECTED,FULL
2026-02-23 16:45:52,99.4,4.237,AC_CONNECTED,FULL
2026-02-23 16:46:22,99.56,4.237,AC_CONNECTED,FULL
2026-02-23 16:46:52,99.56,4.24,AC_CONNECTED,FULL
2026-02-23 16:47:22,99.56,4.211,AC_CONNECTED,FULL
2026-02-23 16:47:52,99.71,4.21,AC_CONNECTED,FULL
2026-02-23 16:48:22,99.71,4.21,AC_CONNECTED,FULL
2026-02-23 16:48:52,99.71,4.21,AC_CONNECTED,FULL
2026-02-23 16:49:22,99.71,4.209,AC_CONNECTED,FULL
2026-02-23 16:49:52,99.88,4.209,AC_CONNECTED,FULL
2026-02-23 16:50:22,99.88,4.209,AC_CONNECTED,FULL
2026-02-23 16:50:52,99.88,4.207,AC_CONNECTED,FULL
2026-02-23 16:51:22,99.88,4.207,AC_CONNECTED,FULL
2026-02-23 16:51:52,99.88,4.207,AC_CONNECTED,FULL
2026-02-23 16:52:22,100.0,4.207,AC_CONNECTED,FULL
2026-02-23 16:52:52,100.0,4.207,AC_CONNECTED,FULL
2026-02-23 16:53:22,100.0,4.207,AC_CONNECTED,FULL
2026-02-23 16:53:52,100.0,4.207,AC_CONNECTED,FULL
2026-02-23 16:54:22,100.0,4.207,AC_CONNECTED,FULL
2026-02-23 16:54:52,100.0,4.207,AC_CONNECTED,FULL
2026-02-23 16:55:22,100.0,4.207,AC_CONNECTED,FULL
2026-02-23 16:55:52,100.0,4.207,AC_CONNECTED,FULL
2026-02-23 16:56:22,100.0,4.207,AC_CONNECTED,FULL
2026-02-23 16:56:52,100.0,4.207,AC_CONNECTED,FULL
2026-02-23 16:57:22,100.0,4.207,AC_CONNECTED,FULL
2026-02-23 16:57:52,100.0,4.207,AC_CONNECTED,FULL
2026-02-23 16:58:22,100.0,4.207,AC_CONNECTED,FULL
2026-02-23 16:58:52,100.0,4.206,AC_CONNECTED,FULL
2026-02-23 16:59:22,100.0,4.206,AC_CONNECTED,FULL
2026-02-23 16:59:52,100.0,4.206,AC_CONNECTED,FULL
2026-02-23 17:00:22,100.0,4.206,AC_CONNECTED,FULL
2026-02-23 17:00:52,100.0,4.206,AC_CONNECTED,FULL
2026-02-23 17:01:22,100.0,4.206,AC_CONNECTED,FULL
2026-02-23 17:01:52,100.0,4.206,AC_CONNECTED,FULL
2026-02-23 17:02:22,100.0,4.206,AC_CONNECTED,FULL
2026-02-23 17:02:52,100.0,4.206,AC_CONNECTED,FULL
2026-02-23 17:03:22,100.0,4.206,AC_CONNECTED,FULL
2026-02-23 17:03:52,100.0,4.206,AC_CONNECTED,FULL
2026-02-23 17:04:22,100.0,4.205,AC_CONNECTED,FULL
2026-02-23 17:04:52,100.0,4.205,AC_CONNECTED,FULL
2026-02-23 17:05:22,100.0,4.205,AC_CONNECTED,FULL
2026-02-23 17:05:52,100.0,4.205,AC_CONNECTED,FULL
2026-02-23 17:06:22,100.0,4.205,AC_CONNECTED,FULL
2026-02-23 17:06:52,100.0,4.205,AC_CONNECTED,FULL
2026-02-23 17:07:22,100.0,4.205,AC_CONNECTED,FULL
2026-02-23 17:07:52,100.0,4.205,AC_CONNECTED,FULL
2026-02-23 17:08:22,100.0,4.205,AC_CONNECTED,FULL
2026-02-23 17:08:52,100.0,4.205,AC_CONNECTED,FULL
2026-02-23 17:09:22,100.0,4.205,AC_CONNECTED,FULL
2026-02-23 17:09:52,100.0,4.205,AC_CONNECTED,FULL
2026-02-23 17:10:22,100.0,4.205,AC_CONNECTED,FULL
2026-02-23 17:10:52,100.0,4.205,AC_CONNECTED,FULL
2026-02-23 17:11:22,100.0,4.205,AC_CONNECTED,FULL
2026-02-23 17:11:52,100.0,4.205,AC_CONNECTED,FULL
2026-02-23 17:12:19,100.0,4.205,AC_CONNECTED,FULL
2026-02-23 17:12:49,100.0,4.205,AC_CONNECTED,FULL
2026-02-23 17:13:19,100.0,4.205,AC_CONNECTED,FULL
2026-02-23 17:13:49,100.0,4.205,AC_CONNECTED,FULL
2026-02-23 17:14:19,100.0,4.205,AC_CONNECTED,FULL
2026-02-23 17:14:49,100.0,4.205,AC_CONNECTED,FULL
2026-02-23 17:15:19,100.0,4.205,AC_CONNECTED,FULL
2026-02-23 17:15:49,100.0,4.205,AC_CONNECTED,FULL
2026-02-23 17:16:19,100.0,4.205,AC_CONNECTED,FULL
2026-02-23 17:16:49,100.0,4.14,ON_BATTERY,DISCHARGING
2026-02-23 17:17:19,100.0,4.135,ON_BATTERY,DISCHARGING
2026-02-23 17:17:49,100.0,4.12,ON_BATTERY,DISCHARGING
2026-02-23 17:18:19,100.0,4.116,ON_BATTERY,DISCHARGING
2026-02-23 17:18:49,100.0,4.122,ON_BATTERY,DISCHARGING
2026-02-23 17:19:19,100.0,4.124,ON_BATTERY,DISCHARGING
2026-02-23 17:19:49,100.0,4.12,ON_BATTERY,DISCHARGING
2026-02-23 17:20:19,100.0,4.106,ON_BATTERY,DISCHARGING
2026-02-23 17:20:49,100.0,4.107,ON_BATTERY,DISCHARGING
2026-02-23 17:21:19,100.0,4.105,ON_BATTERY,DISCHARGING
2026-02-23 17:21:49,99.88,4.093,ON_BATTERY,DISCHARGING
2026-02-23 17:22:19,99.88,4.22,AC_CONNECTED,FULL
2026-02-23 17:22:49,99.88,4.22,AC_CONNECTED,FULL
2026-02-23 17:23:20,99.88,4.22,AC_CONNECTED,FULL
2026-02-23 17:23:50,100.0,4.221,AC_CONNECTED,FULL
2026-02-23 17:24:20,100.0,4.223,AC_CONNECTED,FULL
2026-02-23 17:24:50,100.0,4.22,AC_CONNECTED,FULL
2026-02-23 17:25:20,100.0,4.22,AC_CONNECTED,FULL
2026-02-23 17:25:50,100.0,4.22,AC_CONNECTED,FULL
2026-02-23 17:26:20,100.0,4.22,AC_CONNECTED,FULL
2026-02-23 17:26:50,100.0,4.22,AC_CONNECTED,FULL
2026-02-23 17:27:20,100.0,4.22,AC_CONNECTED,FULL
2026-02-23 17:27:50,100.0,4.224,AC_CONNECTED,FULL
2026-02-23 17:28:20,100.0,4.23,AC_CONNECTED,FULL
2026-02-23 17:28:50,100.0,4.232,AC_CONNECTED,FULL
2026-02-23 17:29:20,100.0,4.236,AC_CONNECTED,FULL
2026-02-23 17:29:50,100.0,4.237,AC_CONNECTED,FULL
2026-02-23 17:30:20,100.0,4.237,AC_CONNECTED,FULL
2026-02-23 17:30:50,100.0,4.237,AC_CONNECTED,FULL
2026-02-23 17:31:20,100.0,4.237,AC_CONNECTED,FULL
2026-02-23 17:31:50,100.0,4.209,AC_CONNECTED,FULL
2026-02-23 17:32:20,100.0,4.207,AC_CONNECTED,FULL
2026-02-23 17:32:50,100.0,4.207,AC_CONNECTED,FULL
2026-02-23 17:33:20,100.0,4.206,AC_CONNECTED,FULL
2026-02-23 17:33:50,100.0,4.206,AC_CONNECTED,FULL
2026-02-23 17:34:20,100.0,4.205,AC_CONNECTED,FULL
2026-02-23 17:34:50,100.0,4.205,AC_CONNECTED,FULL
2026-02-23 17:35:20,100.0,4.14,ON_BATTERY,DISCHARGING
2026-02-23 17:35:50,100.0,4.128,ON_BATTERY,DISCHARGING
2026-02-23 17:36:20,100.0,4.133,ON_BATTERY,DISCHARGING
2026-02-23 17:36:50,100.0,4.117,ON_BATTERY,DISCHARGING
2026-02-23 17:37:20,100.0,4.112,ON_BATTERY,DISCHARGING
2026-02-23 17:37:50,100.0,4.112,ON_BATTERY,DISCHARGING
2026-02-23 17:38:20,100.0,4.11,ON_BATTERY,DISCHARGING
2026-02-23 17:38:50,100.0,4.098,ON_BATTERY,DISCHARGING
2026-02-23 17:39:20,100.0,4.1,ON_BATTERY,DISCHARGING
2026-02-23 17:39:50,100.0,4.084,ON_BATTERY,DISCHARGING
2026-02-23 17:40:20,99.88,4.103,ON_BATTERY,DISCHARGING
2026-02-23 17:40:50,99.71,4.093,ON_BATTERY,DISCHARGING
2026-02-23 17:41:20,99.56,4.085,ON_BATTERY,DISCHARGING
2026-02-23 17:41:50,99.4,4.082,ON_BATTERY,DISCHARGING
2026-02-23 17:42:20,99.24,4.085,ON_BATTERY,DISCHARGING
2026-02-23 17:42:50,99.24,4.08,ON_BATTERY,DISCHARGING
2026-02-23 17:43:20,99.08,4.079,ON_BATTERY,DISCHARGING
2026-02-23 17:43:50,98.93,4.085,ON_BATTERY,DISCHARGING
2026-02-23 17:44:20,98.77,4.08,ON_BATTERY,DISCHARGING
2026-02-23 17:44:50,98.61,4.077,ON_BATTERY,DISCHARGING
2026-02-23 17:45:20,98.45,4.081,ON_BATTERY,DISCHARGING
2026-02-23 17:45:50,98.29,4.07,ON_BATTERY,DISCHARGING
2026-02-23 17:46:20,98.29,4.071,ON_BATTERY,DISCHARGING
2026-02-23 17:46:50,98.13,4.067,ON_BATTERY,DISCHARGING
2026-02-23 17:47:20,97.98,4.065,ON_BATTERY,DISCHARGING
2026-02-23 17:47:50,97.82,4.067,ON_BATTERY,DISCHARGING
2026-02-23 17:48:20,97.66,4.036,ON_BATTERY,DISCHARGING
2026-02-23 17:48:50,97.5,4.069,ON_BATTERY,DISCHARGING
2026-02-23 17:49:20,97.34,4.055,ON_BATTERY,DISCHARGING
2026-02-23 17:49:50,97.18,4.07,ON_BATTERY,DISCHARGING
2026-02-23 17:50:20,97.18,4.062,ON_BATTERY,DISCHARGING
2026-02-23 17:50:50,97.03,4.048,ON_BATTERY,DISCHARGING
2026-02-23 17:51:20,96.87,4.051,ON_BATTERY,DISCHARGING
2026-02-23 17:51:50,96.71,4.06,ON_BATTERY,DISCHARGING
2026-02-23 17:52:20,96.55,4.053,ON_BATTERY,DISCHARGING
2026-02-23 17:52:50,96.39,4.053,ON_BATTERY,DISCHARGING
2026-02-23 17:53:20,96.23,4.049,ON_BATTERY,DISCHARGING
2026-02-23 17:53:50,96.08,4.05,ON_BATTERY,DISCHARGING
2026-02-23 17:54:20,95.92,4.05,ON_BATTERY,DISCHARGING
2026-02-23 17:54:50,95.76,4.05,ON_BATTERY,DISCHARGING
2026-02-23 17:55:20,95.6,4.048,ON_BATTERY,DISCHARGING
2026-02-23 17:55:50,95.45,4.034,ON_BATTERY,DISCHARGING
2026-02-23 17:56:20,95.45,4.039,ON_BATTERY,DISCHARGING
2026-02-23 17:56:50,95.29,4.027,ON_BATTERY,DISCHARGING
2026-02-23 17:57:20,95.13,4.036,ON_BATTERY,DISCHARGING
2026-02-23 17:57:50,94.97,4.043,ON_BATTERY,DISCHARGING
2026-02-23 17:58:20,94.81,4.048,ON_BATTERY,DISCHARGING
2026-02-23 17:58:50,94.65,4.041,ON_BATTERY,DISCHARGING
2026-02-23 17:59:20,94.5,4.043,ON_BATTERY,DISCHARGING
2026-02-23 17:59:50,94.34,4.039,ON_BATTERY,DISCHARGING
2026-02-23 18:00:20,94.18,4.043,ON_BATTERY,DISCHARGING
2026-02-23 18:00:50,94.18,4.037,ON_BATTERY,DISCHARGING
2026-02-23 18:01:20,94.02,4.032,ON_BATTERY,DISCHARGING
2026-02-23 18:01:50,93.86,4.035,ON_BATTERY,DISCHARGING
2026-02-23 18:02:20,93.7,4.032,ON_BATTERY,DISCHARGING
2026-02-23 18:02:50,93.55,4.035,ON_BATTERY,DISCHARGING
2026-02-23 18:03:20,93.39,4.035,ON_BATTERY,DISCHARGING
2026-02-23 18:03:50,93.23,4.035,ON_BATTERY,DISCHARGING
2026-02-23 18:04:20,93.23,4.036,ON_BATTERY,DISCHARGING
2026-02-23 18:04:50,93.07,4.037,ON_BATTERY,DISCHARGING
2026-02-23 18:05:20,92.91,4.031,ON_BATTERY,DISCHARGING
2026-02-23 18:05:50,92.75,4.03,ON_BATTERY,DISCHARGING
2026-02-23 18:06:20,92.6,4.037,ON_BATTERY,DISCHARGING
2026-02-23 18:06:50,92.44,4.026,ON_BATTERY,DISCHARGING
2026-02-23 18:07:20,92.44,4.036,ON_BATTERY,DISCHARGING
2026-02-23 18:07:50,92.28,4.027,ON_BATTERY,DISCHARGING
2026-02-23 18:08:20,92.12,4.035,ON_BATTERY,DISCHARGING
2026-02-23 18:08:50,91.96,4.029,ON_BATTERY,DISCHARGING
2026-02-23 18:05:07,91.8,4.06,ON_BATTERY,DISCHARGING
2026-02-23 18:05:37,91.8,4.067,ON_BATTERY,DISCHARGING
2026-02-23 18:06:07,91.8,4.072,ON_BATTERY,DISCHARGING
2026-02-23 18:06:37,91.65,4.072,ON_BATTERY,DISCHARGING
2026-02-23 18:07:08,91.65,4.065,ON_BATTERY,DISCHARGING
2026-02-23 18:07:38,91.49,4.072,ON_BATTERY,DISCHARGING
2026-02-23 18:08:08,91.49,4.059,ON_BATTERY,DISCHARGING
2026-02-23 18:08:38,91.33,4.071,ON_BATTERY,DISCHARGING
2026-02-23 18:09:08,91.33,4.065,ON_BATTERY,DISCHARGING
2026-02-23 18:09:38,91.17,4.071,ON_BATTERY,DISCHARGING
2026-02-23 18:10:08,91.17,4.064,ON_BATTERY,DISCHARGING
2026-02-23 18:10:38,91.17,4.07,ON_BATTERY,DISCHARGING
2026-02-23 18:11:08,91.02,4.062,ON_BATTERY,DISCHARGING
2026-02-23 18:11:38,91.02,4.07,ON_BATTERY,DISCHARGING
2026-02-23 18:12:08,90.86,4.069,ON_BATTERY,DISCHARGING
2026-02-23 18:12:38,90.86,4.058,ON_BATTERY,DISCHARGING
2026-02-23 18:13:08,90.7,4.067,ON_BATTERY,DISCHARGING
2026-02-23 18:13:38,90.7,4.061,ON_BATTERY,DISCHARGING
2026-02-23 18:14:08,90.7,4.069,ON_BATTERY,DISCHARGING
2026-02-23 18:14:38,90.54,4.061,ON_BATTERY,DISCHARGING
2026-02-23 18:15:08,90.54,4.069,ON_BATTERY,DISCHARGING
2026-02-23 18:15:38,90.38,4.061,ON_BATTERY,DISCHARGING
2026-02-23 18:16:08,90.38,4.067,ON_BATTERY,DISCHARGING
2026-02-23 18:16:38,90.38,4.06,ON_BATTERY,DISCHARGING
2026-02-23 18:17:08,90.22,4.065,ON_BATTERY,DISCHARGING
2026-02-23 18:17:38,90.22,4.065,ON_BATTERY,DISCHARGING
2026-02-23 18:18:08,90.07,4.055,ON_BATTERY,DISCHARGING
2026-02-23 18:18:38,90.07,4.067,ON_BATTERY,DISCHARGING
2026-02-23 18:19:08,90.07,4.06,ON_BATTERY,DISCHARGING
2026-02-23 18:19:38,89.91,4.067,ON_BATTERY,DISCHARGING
2026-02-23 18:20:08,89.91,4.06,ON_BATTERY,DISCHARGING
2026-02-23 18:20:38,89.75,4.067,ON_BATTERY,DISCHARGING
2026-02-23 18:21:08,89.75,4.058,ON_BATTERY,DISCHARGING
2026-02-23 18:21:38,89.75,4.065,ON_BATTERY,DISCHARGING
2026-02-23 18:22:08,89.59,4.065,ON_BATTERY,DISCHARGING
2026-02-23 18:22:38,89.59,4.054,ON_BATTERY,DISCHARGING
2026-02-23 18:23:08,89.59,4.064,ON_BATTERY,DISCHARGING
2026-02-23 18:23:38,89.43,4.053,ON_BATTERY,DISCHARGING
2026-02-23 18:24:08,89.43,4.065,ON_BATTERY,DISCHARGING
2026-02-23 18:24:38,89.43,4.058,ON_BATTERY,DISCHARGING
2026-02-23 18:25:08,89.27,4.065,ON_BATTERY,DISCHARGING
2026-02-23 18:25:38,89.27,4.058,ON_BATTERY,DISCHARGING
2026-02-23 18:26:08,89.12,4.065,ON_BATTERY,DISCHARGING
2026-02-23 18:26:38,89.12,4.056,ON_BATTERY,DISCHARGING
2026-02-23 18:27:08,89.12,4.064,ON_BATTERY,DISCHARGING
2026-02-23 18:27:38,88.96,4.062,ON_BATTERY,DISCHARGING
2026-02-23 18:28:08,88.96,4.05,ON_BATTERY,DISCHARGING
2026-02-23 18:28:38,88.96,4.062,ON_BATTERY,DISCHARGING
2026-02-23 18:29:08,88.8,4.053,ON_BATTERY,DISCHARGING
2026-02-23 18:29:38,88.8,4.062,ON_BATTERY,DISCHARGING
2026-02-23 18:30:08,88.8,4.055,ON_BATTERY,DISCHARGING
2026-02-23 18:30:38,88.64,4.062,ON_BATTERY,DISCHARGING
2026-02-23 18:31:08,88.64,4.055,ON_BATTERY,DISCHARGING
2026-02-23 18:31:38,88.64,4.062,ON_BATTERY,DISCHARGING
2026-02-23 18:32:08,88.5,4.055,ON_BATTERY,DISCHARGING
2026-02-23 18:32:38,88.5,4.06,ON_BATTERY,DISCHARGING
2026-02-23 18:33:08,88.5,4.062,ON_BATTERY,DISCHARGING
2026-02-23 18:33:38,88.36,4.05,ON_BATTERY,DISCHARGING
2026-02-23 18:34:08,88.36,4.06,ON_BATTERY,DISCHARGING
2026-02-23 18:34:38,88.21,4.055,ON_BATTERY,DISCHARGING
2026-02-23 18:35:08,88.21,4.06,ON_BATTERY,DISCHARGING
2026-02-23 18:35:38,88.21,4.055,ON_BATTERY,DISCHARGING
2026-02-23 18:36:08,88.07,4.059,ON_BATTERY,DISCHARGING
2026-02-23 18:36:38,88.07,4.054,ON_BATTERY,DISCHARGING
2026-02-23 18:37:08,88.07,4.061,ON_BATTERY,DISCHARGING
2026-02-23 18:37:38,87.93,4.055,ON_BATTERY,DISCHARGING
2026-02-23 18:38:08,87.93,4.048,ON_BATTERY,DISCHARGING
2026-02-23 18:38:38,87.93,4.06,ON_BATTERY,DISCHARGING
2026-02-23 18:39:08,87.93,4.048,ON_BATTERY,DISCHARGING
2026-02-23 18:39:38,87.78,4.06,ON_BATTERY,DISCHARGING
2026-02-23 18:40:08,87.78,4.05,ON_BATTERY,DISCHARGING
2026-02-23 18:40:38,87.78,4.06,ON_BATTERY,DISCHARGING
2026-02-23 18:41:08,87.64,4.053,ON_BATTERY,DISCHARGING
2026-02-23 18:41:38,87.64,4.058,ON_BATTERY,DISCHARGING
2026-02-23 18:42:08,87.64,4.053,ON_BATTERY,DISCHARGING
2026-02-23 18:42:38,87.49,4.06,ON_BATTERY,DISCHARGING
2026-02-23 18:43:08,87.49,4.058,ON_BATTERY,DISCHARGING
2026-02-23 18:43:38,87.49,4.051,ON_BATTERY,DISCHARGING
2026-02-23 18:44:08,87.35,4.06,ON_BATTERY,DISCHARGING
2026-02-23 18:44:38,87.35,4.05,ON_BATTERY,DISCHARGING
2026-02-23 18:45:08,87.35,4.059,ON_BATTERY,DISCHARGING
2026-02-23 18:45:38,87.35,4.051,ON_BATTERY,DISCHARGING
2026-02-23 18:46:08,87.21,4.058,ON_BATTERY,DISCHARGING
2026-02-23 18:46:38,87.21,4.051,ON_BATTERY,DISCHARGING
2026-02-23 18:47:08,87.21,4.058,ON_BATTERY,DISCHARGING
2026-02-23 18:47:38,87.06,4.051,ON_BATTERY,DISCHARGING
2026-02-23 18:48:08,87.06,4.058,ON_BATTERY,DISCHARGING
2026-02-23 18:48:38,87.06,4.059,ON_BATTERY,DISCHARGING
2026-02-23 18:49:08,87.06,4.045,ON_BATTERY,DISCHARGING
2026-02-23 18:49:38,86.92,4.058,ON_BATTERY,DISCHARGING
2026-02-23 18:50:08,86.92,4.049,ON_BATTERY,DISCHARGING
2026-02-23 18:50:38,86.92,4.058,ON_BATTERY,DISCHARGING
2026-02-23 18:51:08,86.92,4.05,ON_BATTERY,DISCHARGING
2026-02-23 18:51:38,86.78,4.058,ON_BATTERY,DISCHARGING
2026-02-23 18:52:08,86.78,4.05,ON_BATTERY,DISCHARGING
2026-02-23 18:52:38,86.78,4.058,ON_BATTERY,DISCHARGING
2026-02-23 18:53:08,86.78,4.055,ON_BATTERY,DISCHARGING
2026-02-23 18:53:38,86.63,4.053,ON_BATTERY,DISCHARGING
2026-02-23 18:54:08,86.63,4.058,ON_BATTERY,DISCHARGING
2026-02-23 18:54:38,86.63,4.044,ON_BATTERY,DISCHARGING
2026-02-23 18:55:08,86.63,4.058,ON_BATTERY,DISCHARGING
2026-02-23 18:55:38,86.49,4.049,ON_BATTERY,DISCHARGING
2026-02-23 18:56:08,86.49,4.055,ON_BATTERY,DISCHARGING
2026-02-23 18:56:38,86.49,4.05,ON_BATTERY,DISCHARGING
2026-02-23 18:57:08,86.49,4.058,ON_BATTERY,DISCHARGING
2026-02-23 18:57:38,86.34,4.048,ON_BATTERY,DISCHARGING
2026-02-23 18:58:08,86.34,4.056,ON_BATTERY,DISCHARGING
2026-02-23 18:58:38,86.34,4.055,ON_BATTERY,DISCHARGING
2026-02-23 18:59:08,86.34,4.043,ON_BATTERY,DISCHARGING
2026-02-23 18:59:38,86.2,4.055,ON_BATTERY,DISCHARGING
2026-02-23 19:00:08,86.2,4.043,ON_BATTERY,DISCHARGING
2026-02-23 19:00:38,86.2,4.055,ON_BATTERY,DISCHARGING
2026-02-23 19:01:08,86.2,4.048,ON_BATTERY,DISCHARGING
2026-02-23 19:01:38,86.06,4.055,ON_BATTERY,DISCHARGING
2026-02-23 19:02:08,86.06,4.048,ON_BATTERY,DISCHARGING
2026-02-23 19:02:38,86.06,4.055,ON_BATTERY,DISCHARGING
2026-02-23 19:03:08,86.06,4.048,ON_BATTERY,DISCHARGING
2026-02-23 19:03:38,86.06,4.054,ON_BATTERY,DISCHARGING
2026-02-23 19:04:08,85.91,4.053,ON_BATTERY,DISCHARGING
2026-02-23 19:04:38,85.91,4.041,ON_BATTERY,DISCHARGING
2026-02-23 19:05:08,85.91,4.053,ON_BATTERY,DISCHARGING
2026-02-23 19:05:38,85.91,4.048,ON_BATTERY,DISCHARGING
2026-02-23 19:06:08,85.77,4.055,ON_BATTERY,DISCHARGING
2026-02-23 19:06:38,85.77,4.046,ON_BATTERY,DISCHARGING
2026-02-23 19:07:08,85.77,4.054,ON_BATTERY,DISCHARGING
2026-02-23 19:07:39,85.77,4.045,ON_BATTERY,DISCHARGING
2026-02-23 19:08:09,85.77,4.054,ON_BATTERY,DISCHARGING
2026-02-23 19:08:39,85.63,4.048,ON_BATTERY,DISCHARGING
2026-02-23 19:09:09,85.63,4.053,ON_BATTERY,DISCHARGING
2026-02-23 19:09:39,85.63,4.053,ON_BATTERY,DISCHARGING
2026-02-23 19:10:09,85.63,4.04,ON_BATTERY,DISCHARGING
2026-02-23 19:10:39,85.63,4.053,ON_BATTERY,DISCHARGING
2026-02-23 19:11:09,85.48,4.045,ON_BATTERY,DISCHARGING
2026-02-23 19:11:39,85.48,4.051,ON_BATTERY,DISCHARGING
2026-02-23 19:12:09,85.48,4.045,ON_BATTERY,DISCHARGING
2026-02-23 19:12:39,85.48,4.051,ON_BATTERY,DISCHARGING
2026-02-23 19:13:09,85.48,4.044,ON_BATTERY,DISCHARGING
2026-02-23 19:13:39,85.34,4.053,ON_BATTERY,DISCHARGING
2026-02-23 19:14:09,85.34,4.05,ON_BATTERY,DISCHARGING
2026-02-23 19:14:39,85.34,4.04,ON_BATTERY,DISCHARGING
2026-02-23 19:15:09,85.34,4.05,ON_BATTERY,DISCHARGING
2026-02-23 19:15:39,85.34,4.037,ON_BATTERY,DISCHARGING
2026-02-23 19:16:09,85.2,4.05,ON_BATTERY,DISCHARGING
2026-02-23 19:16:39,85.2,4.043,ON_BATTERY,DISCHARGING
2026-02-23 19:17:09,85.2,4.05,ON_BATTERY,DISCHARGING
2026-02-23 19:17:39,85.2,4.043,ON_BATTERY,DISCHARGING
2026-02-23 19:18:09,85.2,4.05,ON_BATTERY,DISCHARGING
2026-02-23 19:18:39,85.05,4.043,ON_BATTERY,DISCHARGING
2026-02-23 19:19:09,85.05,4.049,ON_BATTERY,DISCHARGING
2026-02-23 19:19:39,85.05,4.049,ON_BATTERY,DISCHARGING
2026-02-23 19:20:09,85.05,4.035,ON_BATTERY,DISCHARGING
2026-02-23 19:20:39,85.05,4.048,ON_BATTERY,DISCHARGING
2026-02-23 19:21:09,84.91,4.041,ON_BATTERY,DISCHARGING
2026-02-23 19:21:39,84.91,4.048,ON_BATTERY,DISCHARGING
2026-02-23 19:22:09,84.91,4.04,ON_BATTERY,DISCHARGING
2026-02-23 19:22:39,84.91,4.046,ON_BATTERY,DISCHARGING
2026-02-23 19:23:09,84.91,4.04,ON_BATTERY,DISCHARGING
2026-02-23 19:23:39,84.77,4.048,ON_BATTERY,DISCHARGING
2026-02-23 19:24:09,84.77,4.043,ON_BATTERY,DISCHARGING
2026-02-23 19:24:39,84.77,4.048,ON_BATTERY,DISCHARGING
2026-02-23 19:25:09,84.77,4.044,ON_BATTERY,DISCHARGING
2026-02-23 19:25:39,84.77,4.032,ON_BATTERY,DISCHARGING
2026-02-23 19:26:09,84.62,4.044,ON_BATTERY,DISCHARGING
2026-02-23 19:26:39,84.62,4.039,ON_BATTERY,DISCHARGING
2026-02-23 19:27:09,84.62,4.045,ON_BATTERY,DISCHARGING
2026-02-23 19:27:39,84.62,4.037,ON_BATTERY,DISCHARGING
2026-02-23 19:28:09,84.62,4.044,ON_BATTERY,DISCHARGING
2026-02-23 19:28:39,84.48,4.037,ON_BATTERY,DISCHARGING
2026-02-23 19:29:09,84.48,4.044,ON_BATTERY,DISCHARGING
2026-02-23 19:29:39,84.48,4.045,ON_BATTERY,DISCHARGING
2026-02-23 19:30:09,84.48,4.031,ON_BATTERY,DISCHARGING
2026-02-23 19:30:39,84.48,4.044,ON_BATTERY,DISCHARGING
2026-02-23 19:31:09,84.34,4.03,ON_BATTERY,DISCHARGING
2026-02-23 19:31:39,84.34,4.043,ON_BATTERY,DISCHARGING
2026-02-23 19:32:09,84.34,4.035,ON_BATTERY,DISCHARGING
2026-02-23 19:32:39,84.34,4.043,ON_BATTERY,DISCHARGING
2026-02-23 19:33:09,84.34,4.035,ON_BATTERY,DISCHARGING
2026-02-23 19:33:39,84.34,4.041,ON_BATTERY,DISCHARGING
2026-02-23 19:34:09,84.17,4.035,ON_BATTERY,DISCHARGING
2026-02-23 19:34:39,84.17,4.04,ON_BATTERY,DISCHARGING
2026-02-23 19:35:09,84.17,4.041,ON_BATTERY,DISCHARGING
2026-02-23 19:35:39,84.17,4.027,ON_BATTERY,DISCHARGING
2026-02-23 19:36:09,84.17,4.04,ON_BATTERY,DISCHARGING
2026-02-23 19:36:39,84.01,4.032,ON_BATTERY,DISCHARGING
2026-02-23 19:37:09,84.01,4.04,ON_BATTERY,DISCHARGING
2026-02-23 19:37:39,84.01,4.032,ON_BATTERY,DISCHARGING
2026-02-23 19:38:09,84.01,4.039,ON_BATTERY,DISCHARGING
2026-02-23 19:38:39,84.01,4.031,ON_BATTERY,DISCHARGING
2026-02-23 19:39:09,84.01,4.04,ON_BATTERY,DISCHARGING
2026-02-23 19:39:39,83.85,4.034,ON_BATTERY,DISCHARGING
2026-02-23 19:40:09,83.85,4.037,ON_BATTERY,DISCHARGING
2026-02-23 19:40:39,83.85,4.035,ON_BATTERY,DISCHARGING
2026-02-23 19:41:09,83.85,4.022,ON_BATTERY,DISCHARGING
2026-02-23 19:41:39,83.85,4.037,ON_BATTERY,DISCHARGING
2026-02-23 19:42:09,83.68,4.029,ON_BATTERY,DISCHARGING
2026-02-23 19:42:39,83.68,4.032,ON_BATTERY,DISCHARGING
2026-02-23 19:43:09,83.68,4.027,ON_BATTERY,DISCHARGING
2026-02-23 19:43:39,83.68,4.035,ON_BATTERY,DISCHARGING
2026-02-23 19:44:09,83.68,4.027,ON_BATTERY,DISCHARGING
2026-02-23 19:44:39,83.52,4.034,ON_BATTERY,DISCHARGING
2026-02-23 19:45:09,83.52,4.031,ON_BATTERY,DISCHARGING
2026-02-23 19:45:39,83.52,4.031,ON_BATTERY,DISCHARGING
2026-02-23 19:46:09,83.52,4.031,ON_BATTERY,DISCHARGING
2026-02-23 19:46:39,83.52,4.022,ON_BATTERY,DISCHARGING
2026-02-23 19:47:09,83.36,4.032,ON_BATTERY,DISCHARGING
2026-02-23 19:47:39,83.36,4.025,ON_BATTERY,DISCHARGING
2026-02-23 19:48:09,83.36,4.032,ON_BATTERY,DISCHARGING
2026-02-23 19:48:39,83.36,4.024,ON_BATTERY,DISCHARGING
2026-02-23 19:49:09,83.36,4.031,ON_BATTERY,DISCHARGING
2026-02-23 19:49:39,83.2,4.022,ON_BATTERY,DISCHARGING
2026-02-23 19:50:09,83.2,4.03,ON_BATTERY,DISCHARGING
2026-02-23 19:50:39,83.2,4.027,ON_BATTERY,DISCHARGING
2026-02-23 19:51:09,83.2,4.016,ON_BATTERY,DISCHARGING
2026-02-23 19:51:39,83.03,4.029,ON_BATTERY,DISCHARGING
2026-02-23 19:52:09,83.03,4.018,ON_BATTERY,DISCHARGING
2026-02-23 19:52:39,83.03,4.027,ON_BATTERY,DISCHARGING
2026-02-23 19:53:09,83.03,4.02,ON_BATTERY,DISCHARGING
2026-02-23 19:53:39,83.03,4.027,ON_BATTERY,DISCHARGING
2026-02-23 19:54:09,82.87,4.019,ON_BATTERY,DISCHARGING
2026-02-23 19:54:39,82.87,4.026,ON_BATTERY,DISCHARGING
2026-02-23 19:55:09,82.87,4.018,ON_BATTERY,DISCHARGING
2026-02-23 19:55:39,82.87,4.025,ON_BATTERY,DISCHARGING
2026-02-23 19:56:09,82.7,4.024,ON_BATTERY,DISCHARGING
2026-02-23 19:56:39,82.7,4.01,ON_BATTERY,DISCHARGING
2026-02-23 19:57:09,82.7,4.022,ON_BATTERY,DISCHARGING
2026-02-23 19:57:39,82.7,4.015,ON_BATTERY,DISCHARGING
2026-02-23 19:58:09,82.7,4.02,ON_BATTERY,DISCHARGING
2026-02-23 19:58:39,82.54,4.015,ON_BATTERY,DISCHARGING
2026-02-23 19:59:09,82.54,4.02,ON_BATTERY,DISCHARGING
2026-02-23 19:59:39,82.54,4.014,ON_BATTERY,DISCHARGING
2026-02-23 20:00:09,82.54,4.02,ON_BATTERY,DISCHARGING
2026-02-23 20:00:39,82.38,4.019,ON_BATTERY,DISCHARGING
2026-02-23 20:01:09,82.38,4.013,ON_BATTERY,DISCHARGING
2026-02-23 20:01:39,82.38,4.018,ON_BATTERY,DISCHARGING
2026-02-23 20:02:09,82.38,4.005,ON_BATTERY,DISCHARGING
2026-02-23 20:02:39,82.21,4.018,ON_BATTERY,DISCHARGING
2026-02-23 20:03:09,82.21,4.01,ON_BATTERY,DISCHARGING
2026-02-23 20:03:39,82.21,4.016,ON_BATTERY,DISCHARGING
2026-02-23 20:04:09,82.05,4.009,ON_BATTERY,DISCHARGING
2026-02-23 20:04:39,82.05,4.016,ON_BATTERY,DISCHARGING
2026-02-23 20:05:09,82.05,4.008,ON_BATTERY,DISCHARGING
2026-02-23 20:05:39,82.05,4.015,ON_BATTERY,DISCHARGING
2026-02-23 20:06:09,81.89,4.015,ON_BATTERY,DISCHARGING
2026-02-23 20:06:40,81.89,4.0,ON_BATTERY,DISCHARGING
2026-02-23 20:07:10,81.89,4.013,ON_BATTERY,DISCHARGING
2026-02-23 20:07:40,81.89,4.005,ON_BATTERY,DISCHARGING
2026-02-23 20:08:10,81.73,4.013,ON_BATTERY,DISCHARGING
2026-02-23 20:08:40,81.73,4.004,ON_BATTERY,DISCHARGING
2026-02-23 20:09:10,81.73,4.01,ON_BATTERY,DISCHARGING
2026-02-23 20:09:40,81.56,4.003,ON_BATTERY,DISCHARGING
2026-02-23 20:10:10,81.56,4.009,ON_BATTERY,DISCHARGING
2026-02-23 20:10:40,81.56,4.004,ON_BATTERY,DISCHARGING
2026-02-23 20:11:10,81.56,4.008,ON_BATTERY,DISCHARGING
2026-02-23 20:11:40,81.4,4.008,ON_BATTERY,DISCHARGING
2026-02-23 20:12:10,81.4,3.994,ON_BATTERY,DISCHARGING
2026-02-23 20:12:40,81.4,4.008,ON_BATTERY,DISCHARGING
2026-02-23 20:13:10,81.24,3.999,ON_BATTERY,DISCHARGING
2026-02-23 20:13:40,81.24,4.005,ON_BATTERY,DISCHARGING
2026-02-23 20:14:10,81.24,3.998,ON_BATTERY,DISCHARGING
2026-02-23 20:14:40,81.24,4.003,ON_BATTERY,DISCHARGING
2026-02-23 20:15:10,81.07,3.996,ON_BATTERY,DISCHARGING
2026-02-23 20:15:40,81.07,4.0,ON_BATTERY,DISCHARGING
2026-02-23 20:16:10,81.07,3.995,ON_BATTERY,DISCHARGING
2026-02-23 20:16:40,80.91,4.0,ON_BATTERY,DISCHARGING
2026-02-23 20:17:10,80.91,3.999,ON_BATTERY,DISCHARGING
2026-02-23 20:17:40,80.91,3.987,ON_BATTERY,DISCHARGING
2026-02-23 20:18:10,80.75,3.999,ON_BATTERY,DISCHARGING
2026-02-23 20:18:40,80.75,3.99,ON_BATTERY,DISCHARGING
2026-02-23 20:19:10,80.75,3.998,ON_BATTERY,DISCHARGING
2026-02-23 20:19:40,80.59,3.989,ON_BATTERY,DISCHARGING
2026-02-23 20:20:10,80.59,3.996,ON_BATTERY,DISCHARGING
2026-02-23 20:20:40,80.59,3.987,ON_BATTERY,DISCHARGING
2026-02-23 20:21:10,80.42,3.995,ON_BATTERY,DISCHARGING
2026-02-23 20:21:40,80.42,3.993,ON_BATTERY,DISCHARGING
2026-02-23 20:22:10,80.42,3.98,ON_BATTERY,DISCHARGING
2026-02-23 20:22:40,80.26,3.993,ON_BATTERY,DISCHARGING
2026-02-23 20:23:10,80.26,3.982,ON_BATTERY,DISCHARGING
2026-02-23 20:23:40,80.26,3.993,ON_BATTERY,DISCHARGING
2026-02-23 20:24:10,80.09,3.982,ON_BATTERY,DISCHARGING
2026-02-23 20:24:40,80.09,3.99,ON_BATTERY,DISCHARGING
2026-02-23 20:25:10,80.09,3.982,ON_BATTERY,DISCHARGING
2026-02-23 20:25:40,79.93,3.99,ON_BATTERY,DISCHARGING
2026-02-23 20:26:10,79.93,3.982,ON_BATTERY,DISCHARGING
2026-02-23 20:26:40,79.93,3.987,ON_BATTERY,DISCHARGING
2026-02-23 20:27:10,79.77,3.989,ON_BATTERY,DISCHARGING
2026-02-23 20:27:40,79.77,3.974,ON_BATTERY,DISCHARGING
2026-02-23 20:28:10,79.77,3.987,ON_BATTERY,DISCHARGING
2026-02-23 20:28:40,79.61,3.979,ON_BATTERY,DISCHARGING
2026-02-23 20:29:10,79.61,3.986,ON_BATTERY,DISCHARGING
2026-02-23 20:29:40,79.44,3.978,ON_BATTERY,DISCHARGING
2026-02-23 20:30:10,79.44,3.985,ON_BATTERY,DISCHARGING
2026-02-23 20:30:40,79.44,3.976,ON_BATTERY,DISCHARGING
2026-02-23 20:31:10,79.28,3.984,ON_BATTERY,DISCHARGING
2026-02-23 20:31:40,79.28,3.98,ON_BATTERY,DISCHARGING
2026-02-23 20:32:10,79.28,3.97,ON_BATTERY,DISCHARGING
2026-02-23 20:32:40,79.12,3.979,ON_BATTERY,DISCHARGING
2026-02-23 20:33:10,79.12,3.965,ON_BATTERY,DISCHARGING
2026-02-23 20:33:40,78.95,3.978,ON_BATTERY,DISCHARGING
2026-02-23 20:34:10,78.95,3.97,ON_BATTERY,DISCHARGING
2026-02-23 20:34:40,78.95,3.978,ON_BATTERY,DISCHARGING
2026-02-23 20:35:10,78.79,3.969,ON_BATTERY,DISCHARGING
2026-02-23 20:35:40,78.79,3.976,ON_BATTERY,DISCHARGING
2026-02-23 20:36:10,78.79,3.967,ON_BATTERY,DISCHARGING
2026-02-23 20:36:40,78.63,3.975,ON_BATTERY,DISCHARGING
2026-02-23 20:37:10,78.63,3.973,ON_BATTERY,DISCHARGING
2026-02-23 20:37:40,78.46,3.959,ON_BATTERY,DISCHARGING
2026-02-23 20:38:10,78.46,3.973,ON_BATTERY,DISCHARGING
2026-02-23 20:38:40,78.46,3.96,ON_BATTERY,DISCHARGING
2026-02-23 20:39:10,78.3,3.971,ON_BATTERY,DISCHARGING
2026-02-23 20:39:40,78.3,3.962,ON_BATTERY,DISCHARGING
2026-02-23 20:40:10,78.14,3.97,ON_BATTERY,DISCHARGING
2026-02-23 20:40:40,78.14,3.96,ON_BATTERY,DISCHARGING
2026-02-23 20:41:10,78.14,3.967,ON_BATTERY,DISCHARGING
2026-02-23 20:41:40,77.98,3.96,ON_BATTERY,DISCHARGING
2026-02-23 20:42:10,77.98,3.967,ON_BATTERY,DISCHARGING
2026-02-23 20:42:40,77.81,3.965,ON_BATTERY,DISCHARGING
2026-02-23 20:43:10,77.81,3.949,ON_BATTERY,DISCHARGING
2026-02-23 20:43:40,77.65,3.965,ON_BATTERY,DISCHARGING
2026-02-23 20:44:10,77.65,3.956,ON_BATTERY,DISCHARGING
2026-02-23 20:44:40,77.65,3.962,ON_BATTERY,DISCHARGING
2026-02-23 20:45:10,77.48,3.953,ON_BATTERY,DISCHARGING
2026-02-23 20:45:40,77.48,3.961,ON_BATTERY,DISCHARGING
2026-02-23 20:46:10,77.32,3.954,ON_BATTERY,DISCHARGING
2026-02-23 20:46:40,77.32,3.96,ON_BATTERY,DISCHARGING
2026-02-23 20:47:10,77.32,3.959,ON_BATTERY,DISCHARGING
2026-02-23 20:47:40,77.16,3.954,ON_BATTERY,DISCHARGING
2026-02-23 20:48:10,77.16,3.96,ON_BATTERY,DISCHARGING
2026-02-23 20:48:40,77.0,3.946,ON_BATTERY,DISCHARGING
2026-02-23 20:49:10,77.0,3.958,ON_BATTERY,DISCHARGING
2026-02-23 20:49:40,76.83,3.951,ON_BATTERY,DISCHARGING
2026-02-23 20:50:10,76.83,3.956,ON_BATTERY,DISCHARGING
2026-02-23 20:50:40,76.83,3.95,ON_BATTERY,DISCHARGING
2026-02-23 20:51:10,76.67,3.955,ON_BATTERY,DISCHARGING
2026-02-23 20:51:40,76.67,3.949,ON_BATTERY,DISCHARGING
2026-02-23 20:52:10,76.51,3.955,ON_BATTERY,DISCHARGING
2026-02-23 20:52:40,76.51,3.955,ON_BATTERY,DISCHARGING
2026-02-23 20:53:10,76.51,3.942,ON_BATTERY,DISCHARGING
2026-02-23 20:53:40,76.34,3.953,ON_BATTERY,DISCHARGING
2026-02-23 20:54:10,76.34,3.94,ON_BATTERY,DISCHARGING
2026-02-23 20:54:40,76.18,3.951,ON_BATTERY,DISCHARGING
2026-02-23 20:55:10,76.18,3.945,ON_BATTERY,DISCHARGING
2026-02-23 20:55:40,76.02,3.95,ON_BATTERY,DISCHARGING
2026-02-23 20:56:10,76.02,3.942,ON_BATTERY,DISCHARGING
2026-02-23 20:56:40,76.02,3.95,ON_BATTERY,DISCHARGING
2026-02-23 20:57:10,75.86,3.942,ON_BATTERY,DISCHARGING
2026-02-23 20:57:40,75.86,3.947,ON_BATTERY,DISCHARGING
2026-02-23 20:58:10,75.69,3.945,ON_BATTERY,DISCHARGING
2026-02-23 20:58:40,75.69,3.933,ON_BATTERY,DISCHARGING
2026-02-23 20:59:10,75.53,3.944,ON_BATTERY,DISCHARGING
2026-02-23 20:59:40,75.53,3.935,ON_BATTERY,DISCHARGING
2026-02-23 21:00:10,75.53,3.945,ON_BATTERY,DISCHARGING
2026-02-23 21:00:40,75.37,3.935,ON_BATTERY,DISCHARGING
2026-02-23 21:01:10,75.37,3.942,ON_BATTERY,DISCHARGING
2026-02-23 21:01:40,75.2,3.934,ON_BATTERY,DISCHARGING
2026-02-23 21:02:10,75.2,3.94,ON_BATTERY,DISCHARGING
2026-02-23 21:02:40,75.04,3.94,ON_BATTERY,DISCHARGING
2026-02-23 21:03:10,75.04,3.933,ON_BATTERY,DISCHARGING
2026-02-23 21:03:40,74.88,3.94,ON_BATTERY,DISCHARGING
2026-02-23 21:04:10,74.88,3.925,ON_BATTERY,DISCHARGING
2026-02-23 21:04:40,74.71,3.939,ON_BATTERY,DISCHARGING
2026-02-23 21:05:10,74.71,3.93,ON_BATTERY,DISCHARGING
2026-02-23 21:05:40,74.71,3.938,ON_BATTERY,DISCHARGING
2026-02-23 21:06:10,74.55,3.929,ON_BATTERY,DISCHARGING
2026-02-23 21:06:40,74.55,3.936,ON_BATTERY,DISCHARGING
2026-02-23 21:07:10,74.38,3.928,ON_BATTERY,DISCHARGING
2026-02-23 21:07:40,74.38,3.934,ON_BATTERY,DISCHARGING
2026-02-23 21:08:10,74.22,3.935,ON_BATTERY,DISCHARGING
2026-02-23 21:08:40,74.22,3.92,ON_BATTERY,DISCHARGING
2026-02-23 21:09:10,74.05,3.933,ON_BATTERY,DISCHARGING
2026-02-23 21:09:41,74.05,3.919,ON_BATTERY,DISCHARGING
2026-02-23 21:10:11,74.05,3.933,ON_BATTERY,DISCHARGING
2026-02-23 21:10:41,73.89,3.922,ON_BATTERY,DISCHARGING
2026-02-23 21:11:11,73.89,3.93,ON_BATTERY,DISCHARGING
2026-02-23 21:11:41,73.73,3.922,ON_BATTERY,DISCHARGING
2026-02-23 21:12:11,73.73,3.929,ON_BATTERY,DISCHARGING
2026-02-23 21:12:41,73.56,3.921,ON_BATTERY,DISCHARGING
2026-02-23 21:13:11,73.56,3.928,ON_BATTERY,DISCHARGING
2026-02-23 21:13:41,73.4,3.928,ON_BATTERY,DISCHARGING
2026-02-23 21:14:11,73.4,3.913,ON_BATTERY,DISCHARGING
2026-02-23 21:14:41,73.23,3.926,ON_BATTERY,DISCHARGING
2026-02-23 21:15:11,73.23,3.915,ON_BATTERY,DISCHARGING
2026-02-23 21:15:41,73.23,3.925,ON_BATTERY,DISCHARGING
2026-02-23 21:16:11,73.07,3.917,ON_BATTERY,DISCHARGING
2026-02-23 21:16:41,73.07,3.924,ON_BATTERY,DISCHARGING
2026-02-23 21:17:11,72.91,3.916,ON_BATTERY,DISCHARGING
2026-02-23 21:17:41,72.91,3.922,ON_BATTERY,DISCHARGING
2026-02-23 21:18:11,72.74,3.92,ON_BATTERY,DISCHARGING
2026-02-23 21:18:41,72.74,3.915,ON_BATTERY,DISCHARGING
2026-02-23 21:19:11,72.58,3.92,ON_BATTERY,DISCHARGING
2026-02-23 21:19:41,72.58,3.908,ON_BATTERY,DISCHARGING
2026-02-23 21:20:11,72.41,3.92,ON_BATTERY,DISCHARGING
2026-02-23 21:20:41,72.41,3.913,ON_BATTERY,DISCHARGING
2026-02-23 21:21:11,72.41,3.92,ON_BATTERY,DISCHARGING
2026-02-23 21:21:41,72.25,3.91,ON_BATTERY,DISCHARGING
2026-02-23 21:22:11,72.25,3.919,ON_BATTERY,DISCHARGING
2026-02-23 21:22:41,72.09,3.91,ON_BATTERY,DISCHARGING
2026-02-23 21:23:11,72.09,3.917,ON_BATTERY,DISCHARGING
2026-02-23 21:23:41,71.92,3.915,ON_BATTERY,DISCHARGING
2026-02-23 21:24:11,71.92,3.904,ON_BATTERY,DISCHARGING
2026-02-23 21:24:41,71.76,3.915,ON_BATTERY,DISCHARGING
2026-02-23 21:25:11,71.76,3.902,ON_BATTERY,DISCHARGING
2026-02-23 21:25:41,71.76,3.915,ON_BATTERY,DISCHARGING
2026-02-23 21:26:11,71.59,3.908,ON_BATTERY,DISCHARGING
2026-02-23 21:26:41,71.59,3.915,ON_BATTERY,DISCHARGING
2026-02-23 21:27:11,71.43,3.905,ON_BATTERY,DISCHARGING
2026-02-23 21:27:41,71.43,3.913,ON_BATTERY,DISCHARGING
2026-02-23 21:28:11,71.27,3.905,ON_BATTERY,DISCHARGING
2026-02-23 21:28:41,71.27,3.913,ON_BATTERY,DISCHARGING
2026-02-23 21:29:11,71.1,3.91,ON_BATTERY,DISCHARGING
2026-02-23 21:29:41,71.1,3.897,ON_BATTERY,DISCHARGING
2026-02-23 21:30:11,71.1,3.91,ON_BATTERY,DISCHARGING
2026-02-23 21:30:41,70.94,3.9,ON_BATTERY,DISCHARGING
2026-02-23 21:31:11,70.94,3.91,ON_BATTERY,DISCHARGING
2026-02-23 21:31:41,70.77,3.901,ON_BATTERY,DISCHARGING
2026-02-23 21:32:11,70.77,3.909,ON_BATTERY,DISCHARGING
2026-02-23 21:32:41,70.61,3.9,ON_BATTERY,DISCHARGING
2026-02-23 21:33:11,70.61,3.908,ON_BATTERY,DISCHARGING
2026-02-23 21:33:41,70.45,3.897,ON_BATTERY,DISCHARGING
2026-02-23 21:34:11,70.45,3.908,ON_BATTERY,DISCHARGING
2026-02-23 21:34:41,70.45,3.905,ON_BATTERY,DISCHARGING
2026-02-23 21:35:11,70.28,3.893,ON_BATTERY,DISCHARGING
2026-02-23 21:35:41,70.28,3.905,ON_BATTERY,DISCHARGING
2026-02-23 21:36:11,70.12,3.897,ON_BATTERY,DISCHARGING
2026-02-23 21:36:41,70.12,3.904,ON_BATTERY,DISCHARGING
2026-02-23 21:37:11,69.95,3.896,ON_BATTERY,DISCHARGING
2026-02-23 21:37:41,69.95,3.904,ON_BATTERY,DISCHARGING
2026-02-23 21:38:11,69.95,3.895,ON_BATTERY,DISCHARGING
2026-02-23 21:38:41,69.79,3.901,ON_BATTERY,DISCHARGING
2026-02-23 21:39:11,69.79,3.902,ON_BATTERY,DISCHARGING
2026-02-23 21:39:41,69.62,3.888,ON_BATTERY,DISCHARGING
2026-02-23 21:40:11,69.62,3.9,ON_BATTERY,DISCHARGING
2026-02-23 21:40:41,69.46,3.889,ON_BATTERY,DISCHARGING
2026-02-23 21:41:11,69.46,3.9,ON_BATTERY,DISCHARGING
2026-02-23 21:41:41,69.3,3.893,ON_BATTERY,DISCHARGING
2026-02-23 21:42:11,69.3,3.899,ON_BATTERY,DISCHARGING
2026-02-23 21:42:41,69.3,3.891,ON_BATTERY,DISCHARGING
2026-02-23 21:43:11,69.13,3.897,ON_BATTERY,DISCHARGING
2026-02-23 21:43:41,69.13,3.89,ON_BATTERY,DISCHARGING
2026-02-23 21:44:11,68.97,3.897,ON_BATTERY,DISCHARGING
2026-02-23 21:44:41,68.97,3.897,ON_BATTERY,DISCHARGING
2026-02-23 21:45:11,68.97,3.882,ON_BATTERY,DISCHARGING
2026-02-23 21:45:41,68.8,3.894,ON_BATTERY,DISCHARGING
2026-02-23 21:46:11,68.8,3.888,ON_BATTERY,DISCHARGING
2026-02-23 21:46:41,68.64,3.895,ON_BATTERY,DISCHARGING
2026-02-23 21:47:11,68.64,3.888,ON_BATTERY,DISCHARGING
2026-02-23 21:47:41,68.48,3.89,ON_BATTERY,DISCHARGING
2026-02-23 21:48:11,68.48,3.886,ON_BATTERY,DISCHARGING
2026-02-23 21:48:41,68.48,3.893,ON_BATTERY,DISCHARGING
2026-02-23 21:49:11,68.31,3.888,ON_BATTERY,DISCHARGING
2026-02-23 21:49:41,68.31,3.893,ON_BATTERY,DISCHARGING
2026-02-23 21:50:11,68.17,3.893,ON_BATTERY,DISCHARGING
2026-02-23 21:50:41,68.17,3.877,ON_BATTERY,DISCHARGING
2026-02-23 21:51:11,68.02,3.893,ON_BATTERY,DISCHARGING
2026-02-23 21:51:41,68.02,3.884,ON_BATTERY,DISCHARGING
2026-02-23 21:52:11,67.88,3.89,ON_BATTERY,DISCHARGING
2026-02-23 21:52:41,67.88,3.882,ON_BATTERY,DISCHARGING
2026-02-23 21:53:11,67.88,3.89,ON_BATTERY,DISCHARGING
2026-02-23 21:53:41,67.73,3.882,ON_BATTERY,DISCHARGING
2026-02-23 21:54:11,67.73,3.888,ON_BATTERY,DISCHARGING
2026-02-23 21:54:41,67.59,3.888,ON_BATTERY,DISCHARGING
2026-02-23 21:55:11,67.59,3.885,ON_BATTERY,DISCHARGING
2026-02-23 21:55:41,67.45,3.888,ON_BATTERY,DISCHARGING
2026-02-23 21:56:11,67.45,3.873,ON_BATTERY,DISCHARGING
2026-02-23 21:56:41,67.3,3.888,ON_BATTERY,DISCHARGING
2026-02-23 21:57:11,67.3,3.879,ON_BATTERY,DISCHARGING
2026-02-23 21:57:41,67.3,3.885,ON_BATTERY,DISCHARGING
2026-02-23 21:58:11,67.16,3.877,ON_BATTERY,DISCHARGING
2026-02-23 21:58:41,67.16,3.885,ON_BATTERY,DISCHARGING
2026-02-23 21:59:11,67.01,3.877,ON_BATTERY,DISCHARGING
2026-02-23 21:59:41,67.01,3.884,ON_BATTERY,DISCHARGING
2026-02-23 22:00:11,66.87,3.884,ON_BATTERY,DISCHARGING
2026-02-23 22:00:41,66.87,3.87,ON_BATTERY,DISCHARGING
2026-02-23 22:01:11,66.87,3.884,ON_BATTERY,DISCHARGING
2026-02-23 22:01:41,66.72,3.875,ON_BATTERY,DISCHARGING
2026-02-23 22:02:11,66.72,3.882,ON_BATTERY,DISCHARGING
2026-02-23 22:02:41,66.58,3.875,ON_BATTERY,DISCHARGING
2026-02-23 22:03:11,66.58,3.882,ON_BATTERY,DISCHARGING
2026-02-23 22:03:41,66.58,3.874,ON_BATTERY,DISCHARGING
2026-02-23 22:04:11,66.43,3.882,ON_BATTERY,DISCHARGING
2026-02-23 22:04:41,66.43,3.877,ON_BATTERY,DISCHARGING
2026-02-23 22:05:11,66.29,3.88,ON_BATTERY,DISCHARGING
2026-02-23 22:05:41,66.29,3.879,ON_BATTERY,DISCHARGING
2026-02-23 22:06:11,66.14,3.865,ON_BATTERY,DISCHARGING
2026-02-23 22:06:41,66.14,3.88,ON_BATTERY,DISCHARGING
2026-02-23 22:07:12,66.14,3.871,ON_BATTERY,DISCHARGING
2026-02-23 22:07:42,66.0,3.88,ON_BATTERY,DISCHARGING
2026-02-23 22:08:12,66.0,3.87,ON_BATTERY,DISCHARGING
2026-02-23 22:08:42,65.86,3.879,ON_BATTERY,DISCHARGING
2026-02-23 22:09:12,65.86,3.87,ON_BATTERY,DISCHARGING
2026-02-23 22:09:42,65.86,3.877,ON_BATTERY,DISCHARGING
2026-02-23 22:10:12,65.71,3.875,ON_BATTERY,DISCHARGING
2026-02-23 22:10:42,65.71,3.868,ON_BATTERY,DISCHARGING
2026-02-23 22:11:12,65.57,3.875,ON_BATTERY,DISCHARGING
2026-02-23 22:11:42,65.57,3.861,ON_BATTERY,DISCHARGING
2026-02-23 22:12:12,65.57,3.875,ON_BATTERY,DISCHARGING
2026-02-23 22:12:42,65.42,3.865,ON_BATTERY,DISCHARGING
2026-02-23 22:13:12,65.42,3.853,ON_BATTERY,DISCHARGING
2026-02-23 23:04:38,65.28,3.851,ON_BATTERY,DISCHARGING
2026-02-23 23:05:08,65.28,3.856,ON_BATTERY,DISCHARGING
2026-02-23 23:05:38,65.13,3.857,ON_BATTERY,DISCHARGING
2026-02-23 23:06:08,65.13,3.844,ON_BATTERY,DISCHARGING
2026-02-23 23:06:38,64.99,3.855,ON_BATTERY,DISCHARGING
2026-02-23 23:07:08,64.99,3.848,ON_BATTERY,DISCHARGING
2026-02-23 23:07:38,64.84,3.855,ON_BATTERY,DISCHARGING
2026-02-23 23:08:08,64.84,3.848,ON_BATTERY,DISCHARGING
2026-02-23 23:08:38,64.7,3.853,ON_BATTERY,DISCHARGING
2026-02-23 23:08:34,64.55,3.84,ON_BATTERY,DISCHARGING
2026-02-23 23:10:05,64.55,3.842,ON_BATTERY,DISCHARGING
2026-02-23 23:10:35,64.41,3.845,ON_BATTERY,DISCHARGING
2026-02-23 23:11:05,64.27,3.833,ON_BATTERY,DISCHARGING
2026-02-23 23:11:35,64.27,3.848,ON_BATTERY,DISCHARGING
2026-02-23 23:12:05,64.12,3.835,ON_BATTERY,DISCHARGING
2026-02-23 23:12:35,64.12,3.845,ON_BATTERY,DISCHARGING
2026-02-23 23:13:05,63.98,3.837,ON_BATTERY,DISCHARGING
2026-02-23 23:13:35,63.98,3.845,ON_BATTERY,DISCHARGING
2026-02-23 23:14:05,63.83,3.835,ON_BATTERY,DISCHARGING
2026-02-23 23:14:35,63.83,3.845,ON_BATTERY,DISCHARGING
2026-02-23 23:15:05,63.69,3.835,ON_BATTERY,DISCHARGING
2026-02-23 23:15:35,63.69,3.837,ON_BATTERY,DISCHARGING
2026-02-23 23:16:05,63.54,3.842,ON_BATTERY,DISCHARGING
2026-02-23 23:16:35,63.4,3.83,ON_BATTERY,DISCHARGING
2026-02-23 23:17:06,63.4,3.842,ON_BATTERY,DISCHARGING
2026-02-23 23:17:36,63.25,3.835,ON_BATTERY,DISCHARGING
2026-02-23 23:18:06,63.25,3.828,ON_BATTERY,DISCHARGING
2026-02-23 23:18:36,63.11,3.831,ON_BATTERY,DISCHARGING
2026-02-23 23:19:06,63.11,3.837,ON_BATTERY,DISCHARGING
2026-02-23 23:19:36,62.96,3.83,ON_BATTERY,DISCHARGING
2026-02-23 23:20:06,62.96,3.837,ON_BATTERY,DISCHARGING
2026-02-23 23:20:36,62.82,3.83,ON_BATTERY,DISCHARGING
2026-02-23 23:21:06,62.82,3.828,ON_BATTERY,DISCHARGING
2026-02-23 23:21:36,62.68,3.811,ON_BATTERY,DISCHARGING
2026-02-23 23:22:06,62.53,3.808,ON_BATTERY,DISCHARGING
2026-02-23 23:22:36,62.53,3.83,ON_BATTERY,DISCHARGING
2026-02-23 23:23:06,62.39,3.829,ON_BATTERY,DISCHARGING
2026-02-23 23:23:36,62.24,3.831,ON_BATTERY,DISCHARGING
2026-02-23 23:24:06,62.24,3.812,ON_BATTERY,DISCHARGING
2026-02-23 23:24:36,62.1,3.83,ON_BATTERY,DISCHARGING
2026-02-23 23:25:06,62.1,3.975,AC_CONNECTED,CHARGING
2026-02-23 23:25:36,62.24,3.987,AC_CONNECTED,CHARGING
2026-02-23 23:26:06,62.39,3.98,AC_CONNECTED,CHARGING
2026-02-23 23:26:36,62.53,3.998,AC_CONNECTED,CHARGING
2026-02-23 23:27:06,62.68,3.993,AC_CONNECTED,CHARGING
2026-02-23 23:27:36,62.82,3.998,AC_CONNECTED,CHARGING
2026-02-23 23:28:06,62.96,3.987,AC_CONNECTED,CHARGING
2026-02-23 23:28:36,63.11,4.001,AC_CONNECTED,CHARGING
2026-02-23 23:29:06,63.25,4.005,AC_CONNECTED,CHARGING
2026-02-23 23:29:36,63.4,4.005,AC_CONNECTED,CHARGING
2026-02-23 23:30:06,63.54,4.01,AC_CONNECTED,CHARGING
2026-02-23 23:30:36,63.69,4.005,AC_CONNECTED,CHARGING
2026-02-23 23:31:06,63.83,3.995,AC_CONNECTED,CHARGING
2026-02-23 23:31:36,63.98,4.015,AC_CONNECTED,CHARGING
2026-02-23 23:32:06,64.12,3.998,AC_CONNECTED,CHARGING
2026-02-23 23:32:36,64.27,4.018,AC_CONNECTED,CHARGING
2026-02-23 23:33:06,64.41,4.022,AC_CONNECTED,CHARGING
2026-02-23 23:33:36,64.55,4.003,AC_CONNECTED,CHARGING
2026-02-23 23:34:06,64.7,4.004,AC_CONNECTED,CHARGING
2026-02-23 23:34:36,64.84,4.018,AC_CONNECTED,CHARGING
2026-02-23 23:35:06,64.99,4.018,AC_CONNECTED,CHARGING
2026-02-23 23:35:36,65.13,4.022,AC_CONNECTED,CHARGING
2026-02-23 23:36:06,65.28,4.025,AC_CONNECTED,CHARGING
2026-02-23 23:36:36,65.42,4.011,AC_CONNECTED,CHARGING
2026-02-23 23:37:06,65.57,4.02,AC_CONNECTED,CHARGING
2026-02-23 23:37:36,65.71,4.01,AC_CONNECTED,CHARGING
2026-02-23 23:38:06,65.86,4.025,AC_CONNECTED,CHARGING
2026-02-23 23:38:36,66.0,4.02,AC_CONNECTED,CHARGING
2026-02-23 23:39:06,66.14,4.027,AC_CONNECTED,CHARGING
2026-02-23 23:39:36,66.29,4.03,AC_CONNECTED,CHARGING
2026-02-23 23:40:06,66.43,4.031,AC_CONNECTED,CHARGING
2026-02-23 23:40:36,66.58,4.03,AC_CONNECTED,CHARGING
2026-02-23 23:41:06,66.72,4.04,AC_CONNECTED,CHARGING
2026-02-23 23:41:36,67.01,4.041,AC_CONNECTED,CHARGING
2026-02-23 23:42:06,67.16,4.037,AC_CONNECTED,CHARGING
2026-02-23 23:42:36,67.3,4.025,AC_CONNECTED,CHARGING
2026-02-23 23:43:06,67.45,4.03,AC_CONNECTED,CHARGING
2026-02-23 23:43:36,67.59,4.046,AC_CONNECTED,CHARGING
2026-02-23 23:44:06,67.73,4.043,AC_CONNECTED,CHARGING
2026-02-23 23:44:36,67.88,4.05,AC_CONNECTED,CHARGING
2026-02-23 23:45:06,68.02,4.048,AC_CONNECTED,CHARGING
2026-02-23 23:45:36,68.17,4.053,AC_CONNECTED,CHARGING
2026-02-23 23:46:06,68.31,4.058,AC_CONNECTED,CHARGING
2026-02-23 23:46:36,68.48,4.039,AC_CONNECTED,CHARGING
2026-02-23 23:47:06,68.64,4.04,AC_CONNECTED,CHARGING
2026-02-23 23:47:36,68.8,4.05,AC_CONNECTED,CHARGING
2026-02-23 23:48:06,68.97,4.054,AC_CONNECTED,CHARGING
2026-02-23 23:48:36,69.13,4.055,AC_CONNECTED,CHARGING
2026-02-23 23:49:06,69.3,4.062,AC_CONNECTED,CHARGING
2026-02-23 23:49:36,69.46,4.059,AC_CONNECTED,CHARGING
2026-02-23 23:50:06,69.62,4.069,AC_CONNECTED,CHARGING
2026-02-23 23:50:36,69.79,4.066,AC_CONNECTED,CHARGING
2026-02-23 23:51:06,69.95,4.067,AC_CONNECTED,CHARGING
2026-02-23 23:51:36,70.12,4.069,AC_CONNECTED,CHARGING
2026-02-23 23:52:06,70.28,4.077,AC_CONNECTED,CHARGING
2026-02-23 23:52:36,70.45,4.077,AC_CONNECTED,CHARGING
2026-02-23 23:53:06,70.61,4.065,AC_CONNECTED,CHARGING
2026-02-23 23:53:36,70.77,4.067,AC_CONNECTED,CHARGING
2026-02-23 23:54:06,70.94,4.08,AC_CONNECTED,CHARGING
2026-02-23 23:54:36,71.1,4.081,AC_CONNECTED,CHARGING
2026-02-23 23:55:06,71.27,4.09,AC_CONNECTED,CHARGING
2026-02-23 23:55:36,71.43,4.085,AC_CONNECTED,CHARGING
2026-02-23 23:56:06,71.59,4.088,AC_CONNECTED,CHARGING
2026-02-23 23:56:36,71.76,4.09,AC_CONNECTED,CHARGING
2026-02-23 23:57:06,72.09,4.098,AC_CONNECTED,CHARGING
2026-02-23 23:57:36,72.25,4.095,AC_CONNECTED,CHARGING
2026-02-23 23:58:06,72.41,4.103,AC_CONNECTED,CHARGING
2026-02-23 23:58:36,72.58,4.093,AC_CONNECTED,CHARGING
2026-02-23 23:59:06,72.74,4.099,AC_CONNECTED,CHARGING
2026-02-23 23:59:36,72.91,4.096,AC_CONNECTED,CHARGING
2026-02-24 00:00:06,73.07,4.11,AC_CONNECTED,CHARGING
2026-02-24 00:00:36,73.23,4.112,AC_CONNECTED,CHARGING
2026-02-24 00:01:06,73.4,4.115,AC_CONNECTED,CHARGING
2026-02-24 00:01:36,73.73,4.117,AC_CONNECTED,CHARGING
2026-02-24 00:02:06,73.89,4.12,AC_CONNECTED,CHARGING
2026-02-24 00:02:36,74.05,4.122,AC_CONNECTED,CHARGING
2026-02-24 00:03:06,74.22,4.115,AC_CONNECTED,CHARGING
2026-02-24 00:03:36,74.38,4.121,AC_CONNECTED,CHARGING
2026-02-24 00:04:06,74.55,4.122,AC_CONNECTED,CHARGING
2026-02-24 00:04:36,74.88,4.133,AC_CONNECTED,CHARGING
2026-02-24 00:05:06,75.04,4.128,AC_CONNECTED,CHARGING
2026-02-24 00:05:36,75.2,4.119,AC_CONNECTED,CHARGING
2026-02-24 00:06:06,75.37,4.122,AC_CONNECTED,CHARGING
2026-02-24 00:06:36,75.53,4.138,AC_CONNECTED,CHARGING
2026-02-24 00:07:06,75.69,4.135,AC_CONNECTED,CHARGING
2026-02-24 00:07:36,76.02,4.14,AC_CONNECTED,CHARGING
2026-02-24 00:08:06,76.18,4.145,AC_CONNECTED,CHARGING
2026-02-24 00:08:36,76.34,4.138,AC_CONNECTED,CHARGING
2026-02-24 00:09:06,76.51,4.149,AC_CONNECTED,CHARGING
2026-02-24 00:09:36,76.83,4.147,AC_CONNECTED,CHARGING
2026-02-24 00:10:06,77.0,4.152,AC_CONNECTED,FULL
2026-02-24 00:10:36,77.16,4.147,AC_CONNECTED,CHARGING
2026-02-24 00:11:06,77.32,4.151,AC_CONNECTED,FULL
2026-02-24 00:11:36,77.65,4.152,AC_CONNECTED,FULL
2026-02-24 00:12:06,77.81,4.154,AC_CONNECTED,FULL
2026-02-24 00:12:36,77.98,4.16,AC_CONNECTED,FULL
2026-02-24 00:13:06,78.14,4.154,AC_CONNECTED,FULL
2026-02-24 00:13:36,78.46,4.16,AC_CONNECTED,FULL
2026-02-24 00:14:06,78.63,4.155,AC_CONNECTED,FULL
2026-02-24 00:14:36,78.79,4.173,AC_CONNECTED,FULL
2026-02-24 00:15:06,78.95,4.17,AC_CONNECTED,FULL
2026-02-24 00:15:37,79.28,4.176,AC_CONNECTED,FULL
2026-02-24 00:16:07,79.44,4.18,AC_CONNECTED,FULL
2026-02-24 00:16:37,79.61,4.18,AC_CONNECTED,FULL
2026-02-24 00:17:07,79.93,4.175,AC_CONNECTED,FULL
2026-02-24 00:17:37,80.09,4.18,AC_CONNECTED,FULL
2026-02-24 00:18:07,80.26,4.185,AC_CONNECTED,FULL
2026-02-24 00:18:37,80.59,4.174,AC_CONNECTED,FULL
2026-02-24 00:19:07,80.75,4.179,AC_CONNECTED,FULL
2026-02-24 00:19:37,80.91,4.18,AC_CONNECTED,FULL
2026-02-24 00:20:07,81.07,4.18,AC_CONNECTED,FULL
2026-02-24 00:20:37,81.4,4.184,AC_CONNECTED,FULL
2026-02-24 00:21:07,81.56,4.191,AC_CONNECTED,FULL
2026-02-24 00:21:37,81.73,4.192,AC_CONNECTED,FULL
2026-02-24 00:22:07,81.89,4.186,AC_CONNECTED,FULL
2026-02-24 00:22:37,82.21,4.188,AC_CONNECTED,FULL
2026-02-24 00:23:07,82.38,4.191,AC_CONNECTED,FULL
2026-02-24 00:23:37,82.54,4.195,AC_CONNECTED,FULL
2026-02-24 00:24:07,82.7,4.188,AC_CONNECTED,FULL
2026-02-24 00:24:37,83.03,4.196,AC_CONNECTED,FULL
2026-02-24 00:25:07,83.2,4.192,AC_CONNECTED,FULL
2026-02-24 00:25:37,83.36,4.194,AC_CONNECTED,FULL
2026-02-24 00:26:07,83.52,4.194,AC_CONNECTED,FULL
2026-02-24 00:26:37,83.85,4.2,AC_CONNECTED,FULL
2026-02-24 00:27:07,84.01,4.191,AC_CONNECTED,FULL
2026-02-24 00:27:37,84.17,4.195,AC_CONNECTED,FULL
2026-02-24 00:28:07,84.34,4.202,AC_CONNECTED,FULL
2026-02-24 00:28:37,84.62,4.197,AC_CONNECTED,FULL
2026-02-24 00:29:07,84.77,4.204,AC_CONNECTED,FULL
2026-02-24 00:29:37,84.91,4.192,AC_CONNECTED,FULL
2026-02-24 00:30:07,85.05,4.188,AC_CONNECTED,FULL
2026-02-24 00:30:37,85.2,4.03,ON_BATTERY,DISCHARGING
2026-02-24 00:31:07,85.2,4.05,ON_BATTERY,DISCHARGING
2026-02-24 00:31:37,85.05,4.048,ON_BATTERY,DISCHARGING
2026-02-24 00:32:07,85.05,4.045,ON_BATTERY,DISCHARGING
2026-02-24 00:32:37,85.05,4.045,ON_BATTERY,DISCHARGING
2026-02-24 00:33:07,85.05,4.048,ON_BATTERY,DISCHARGING
2026-02-24 00:33:37,85.05,4.035,ON_BATTERY,DISCHARGING
2026-02-24 00:34:07,84.91,4.027,ON_BATTERY,DISCHARGING
2026-02-24 00:34:37,84.91,4.037,ON_BATTERY,DISCHARGING
2026-02-24 00:35:07,84.91,4.03,ON_BATTERY,DISCHARGING
2026-02-24 00:35:37,84.91,4.048,ON_BATTERY,DISCHARGING
2026-02-24 00:36:07,84.91,4.04,ON_BATTERY,DISCHARGING
2026-02-24 00:36:37,84.77,4.046,ON_BATTERY,DISCHARGING
2026-02-24 00:37:07,84.77,4.035,ON_BATTERY,DISCHARGING
2026-02-24 00:37:37,84.77,4.039,ON_BATTERY,DISCHARGING
2026-02-24 00:38:07,84.77,4.045,ON_BATTERY,DISCHARGING
2026-02-24 00:38:37,84.62,4.045,ON_BATTERY,DISCHARGING
2026-02-24 00:39:07,84.62,4.043,ON_BATTERY,DISCHARGING
2026-02-24 00:39:37,84.62,4.032,ON_BATTERY,DISCHARGING
2026-02-24 00:40:07,84.62,4.043,ON_BATTERY,DISCHARGING
2026-02-24 00:40:37,84.62,4.035,ON_BATTERY,DISCHARGING
2026-02-24 00:41:07,84.48,4.041,ON_BATTERY,DISCHARGING
2026-02-24 00:41:37,84.48,4.035,ON_BATTERY,DISCHARGING
2026-02-24 00:42:07,84.48,4.035,ON_BATTERY,DISCHARGING
2026-02-24 00:42:37,84.48,4.035,ON_BATTERY,DISCHARGING
2026-02-24 00:43:07,84.34,4.04,ON_BATTERY,DISCHARGING
2026-02-24 00:43:37,84.34,4.043,ON_BATTERY,DISCHARGING
2026-02-24 00:44:07,84.34,4.031,ON_BATTERY,DISCHARGING
2026-02-24 00:44:37,84.34,4.02,ON_BATTERY,DISCHARGING
2026-02-24 00:45:07,84.34,4.027,ON_BATTERY,DISCHARGING
2026-02-24 00:45:37,84.17,4.02,ON_BATTERY,DISCHARGING
2026-02-24 00:46:07,84.17,4.018,ON_BATTERY,DISCHARGING
2026-02-24 00:46:37,84.17,4.037,ON_BATTERY,DISCHARGING
2026-02-24 00:47:07,84.17,4.035,ON_BATTERY,DISCHARGING
2026-02-24 00:47:37,84.01,4.039,ON_BATTERY,DISCHARGING
2026-02-24 00:48:07,84.01,4.037,ON_BATTERY,DISCHARGING
2026-02-24 00:48:37,84.01,4.037,ON_BATTERY,DISCHARGING
2026-02-24 00:49:07,84.01,4.035,ON_BATTERY,DISCHARGING
2026-02-24 00:49:37,83.85,4.025,ON_BATTERY,DISCHARGING
2026-02-24 00:50:07,83.85,4.035,ON_BATTERY,DISCHARGING
2026-02-24 00:50:37,83.85,4.026,ON_BATTERY,DISCHARGING
2026-02-24 00:51:07,83.85,4.026,ON_BATTERY,DISCHARGING
2026-02-24 00:51:37,83.68,4.034,ON_BATTERY,DISCHARGING
2026-02-24 00:52:07,83.68,4.018,ON_BATTERY,DISCHARGING
2026-02-24 00:52:37,83.68,4.018,ON_BATTERY,DISCHARGING
2026-02-24 00:53:07,83.52,4.02,ON_BATTERY,DISCHARGING
2026-02-24 00:53:37,83.52,4.025,ON_BATTERY,DISCHARGING
2026-02-24 00:54:07,83.52,4.03,ON_BATTERY,DISCHARGING
2026-02-24 00:54:37,83.52,4.031,ON_BATTERY,DISCHARGING
2026-02-24 00:55:07,83.52,4.02,ON_BATTERY,DISCHARGING
2026-02-24 00:55:37,83.36,4.022,ON_BATTERY,DISCHARGING
2026-02-24 00:56:07,83.36,4.021,ON_BATTERY,DISCHARGING
2026-02-24 00:56:37,83.36,4.015,ON_BATTERY,DISCHARGING
2026-02-24 00:57:07,83.2,4.015,ON_BATTERY,DISCHARGING
2026-02-24 00:57:37,83.2,4.018,ON_BATTERY,DISCHARGING
2026-02-24 00:58:07,83.2,4.01,ON_BATTERY,DISCHARGING
2026-02-24 00:58:37,83.03,4.006,ON_BATTERY,DISCHARGING
2026-02-24 00:59:07,83.03,4.009,ON_BATTERY,DISCHARGING
2026-02-24 00:59:37,83.03,4.009,ON_BATTERY,DISCHARGING
2026-02-24 01:00:07,83.03,4.021,ON_BATTERY,DISCHARGING
2026-02-24 01:00:37,82.87,4.013,ON_BATTERY,DISCHARGING
2026-02-24 01:01:07,82.87,4.021,ON_BATTERY,DISCHARGING
2026-02-24 01:01:37,82.87,4.013,ON_BATTERY,DISCHARGING
2026-02-24 01:02:07,82.7,4.01,ON_BATTERY,DISCHARGING
2026-02-24 01:02:37,82.7,4.018,ON_BATTERY,DISCHARGING
2026-02-24 01:03:07,82.7,4.01,ON_BATTERY,DISCHARGING
2026-02-24 01:03:37,82.54,4.005,ON_BATTERY,DISCHARGING
2026-02-24 01:04:07,82.54,3.981,ON_BATTERY,DISCHARGING
2026-02-24 01:04:37,82.54,4.015,ON_BATTERY,DISCHARGING
2026-02-24 01:05:07,82.38,3.993,ON_BATTERY,DISCHARGING
2026-02-24 01:05:37,82.38,4.009,ON_BATTERY,DISCHARGING
2026-02-24 01:06:07,82.38,4.006,ON_BATTERY,DISCHARGING
2026-02-24 01:06:37,82.21,4.008,ON_BATTERY,DISCHARGING
2026-02-24 01:07:07,82.21,3.993,ON_BATTERY,DISCHARGING
2026-02-24 01:07:37,82.21,3.993,ON_BATTERY,DISCHARGING
2026-02-24 01:08:07,82.05,3.999,ON_BATTERY,DISCHARGING
2026-02-24 01:08:37,82.05,4.009,ON_BATTERY,DISCHARGING
2026-02-24 01:09:07,82.05,3.995,ON_BATTERY,DISCHARGING
2026-02-24 01:09:37,81.89,3.989,ON_BATTERY,DISCHARGING
2026-02-24 01:10:07,81.89,4.008,ON_BATTERY,DISCHARGING
2026-02-24 01:10:37,81.73,3.994,ON_BATTERY,DISCHARGING
2026-02-24 01:11:07,81.73,4.005,ON_BATTERY,DISCHARGING
2026-02-24 01:11:37,81.73,3.987,ON_BATTERY,DISCHARGING
2026-02-24 01:12:07,81.56,3.989,ON_BATTERY,DISCHARGING
2026-02-24 01:12:37,81.56,4.0,ON_BATTERY,DISCHARGING
2026-02-24 01:13:08,81.4,4.0,ON_BATTERY,DISCHARGING
2026-02-24 01:13:38,81.4,3.998,ON_BATTERY,DISCHARGING
2026-02-24 01:14:08,81.4,3.99,ON_BATTERY,DISCHARGING
2026-02-24 01:14:38,81.24,3.996,ON_BATTERY,DISCHARGING
2026-02-24 01:15:08,81.24,3.973,ON_BATTERY,DISCHARGING
2026-02-24 01:15:38,81.07,3.985,ON_BATTERY,DISCHARGING
2026-02-24 01:16:08,81.07,3.98,ON_BATTERY,DISCHARGING
2026-02-24 01:16:38,81.07,3.991,ON_BATTERY,DISCHARGING
2026-02-24 01:17:08,80.91,3.981,ON_BATTERY,DISCHARGING
2026-02-24 01:17:38,80.91,3.984,ON_BATTERY,DISCHARGING
2026-02-24 01:18:08,80.75,3.99,ON_BATTERY,DISCHARGING
2026-02-24 01:18:38,80.75,3.99,ON_BATTERY,DISCHARGING
2026-02-24 01:19:08,80.59,3.981,ON_BATTERY,DISCHARGING
2026-02-24 01:19:38,80.59,3.973,ON_BATTERY,DISCHARGING
2026-02-24 01:20:08,80.59,3.978,ON_BATTERY,DISCHARGING
2026-02-24 01:20:38,80.42,3.951,ON_BATTERY,DISCHARGING
2026-02-24 01:21:08,80.42,3.975,ON_BATTERY,DISCHARGING
2026-02-24 01:21:38,80.26,3.975,ON_BATTERY,DISCHARGING
2026-02-24 01:22:08,80.26,3.982,ON_BATTERY,DISCHARGING
2026-02-24 01:22:38,80.09,3.958,ON_BATTERY,DISCHARGING
2026-02-24 01:23:08,80.09,3.98,ON_BATTERY,DISCHARGING
2026-02-24 01:23:38,79.93,3.971,ON_BATTERY,DISCHARGING
2026-02-24 01:24:08,79.93,3.978,ON_BATTERY,DISCHARGING
2026-02-24 01:24:38,79.77,3.978,ON_BATTERY,DISCHARGING
2026-02-24 01:25:08,79.77,3.956,ON_BATTERY,DISCHARGING
2026-02-24 01:25:38,79.61,3.967,ON_BATTERY,DISCHARGING
2026-02-24 01:26:29,79.61,3.956,ON_BATTERY,DISCHARGING
2026-02-24 01:26:59,79.44,3.962,ON_BATTERY,DISCHARGING
2026-02-24 01:27:29,79.44,3.964,ON_BATTERY,DISCHARGING
2026-02-24 01:27:59,79.28,3.959,ON_BATTERY,DISCHARGING
2026-02-24 01:28:29,79.28,3.967,ON_BATTERY,DISCHARGING
2026-02-24 01:28:59,79.12,3.967,ON_BATTERY,DISCHARGING
2026-02-24 01:29:29,79.12,3.954,ON_BATTERY,DISCHARGING
2026-02-24 01:29:59,78.95,3.965,ON_BATTERY,DISCHARGING
2026-02-24 01:30:29,78.95,3.955,ON_BATTERY,DISCHARGING
2026-02-24 01:30:59,78.79,3.962,ON_BATTERY,DISCHARGING
2026-02-24 01:31:29,78.63,3.955,ON_BATTERY,DISCHARGING
2026-02-24 01:31:59,78.63,3.941,ON_BATTERY,DISCHARGING
2026-02-24 01:32:29,78.46,3.95,ON_BATTERY,DISCHARGING
2026-02-24 01:32:59,78.46,3.945,ON_BATTERY,DISCHARGING
2026-02-24 01:33:29,78.3,3.955,ON_BATTERY,DISCHARGING
2026-02-24 01:33:59,78.3,3.955,ON_BATTERY,DISCHARGING
2026-02-24 01:34:29,78.14,3.953,ON_BATTERY,DISCHARGING
2026-02-24 01:34:59,77.98,3.935,ON_BATTERY,DISCHARGING
2026-02-24 01:35:29,77.98,3.941,ON_BATTERY,DISCHARGING
2026-02-24 01:35:59,77.81,3.938,ON_BATTERY,DISCHARGING
2026-02-24 01:36:29,77.81,3.951,ON_BATTERY,DISCHARGING
2026-02-24 01:36:59,77.65,3.94,ON_BATTERY,DISCHARGING
2026-02-24 01:37:29,77.65,3.938,ON_BATTERY,DISCHARGING
2026-02-24 01:37:59,77.48,3.942,ON_BATTERY,DISCHARGING
2026-02-24 01:38:29,77.32,3.935,ON_BATTERY,DISCHARGING
2026-02-24 01:38:59,77.32,3.933,ON_BATTERY,DISCHARGING
2026-02-24 01:39:29,77.16,3.922,ON_BATTERY,DISCHARGING
2026-02-24 01:39:59,77.0,3.931,ON_BATTERY,DISCHARGING
2026-02-24 01:40:29,77.0,3.92,ON_BATTERY,DISCHARGING
2026-02-24 01:40:59,76.83,3.938,ON_BATTERY,DISCHARGING
2026-02-24 01:41:29,76.67,3.928,ON_BATTERY,DISCHARGING
2026-02-24 01:41:59,76.67,3.926,ON_BATTERY,DISCHARGING
2026-02-24 01:42:29,76.51,3.929,ON_BATTERY,DISCHARGING
2026-02-24 01:42:59,76.34,3.917,ON_BATTERY,DISCHARGING
2026-02-24 01:43:29,76.34,3.933,ON_BATTERY,DISCHARGING
2026-02-24 01:43:59,76.18,3.917,ON_BATTERY,DISCHARGING
2026-02-24 01:44:29,76.18,3.929,ON_BATTERY,DISCHARGING
2026-02-24 01:44:59,76.02,3.915,ON_BATTERY,DISCHARGING
2026-02-24 01:45:29,75.86,3.91,ON_BATTERY,DISCHARGING
2026-02-24 01:46:00,75.69,3.911,ON_BATTERY,DISCHARGING
2026-02-24 01:46:30,75.69,3.916,ON_BATTERY,DISCHARGING
2026-02-24 01:47:00,75.53,3.896,ON_BATTERY,DISCHARGING
2026-02-24 01:47:30,75.37,3.914,ON_BATTERY,DISCHARGING
2026-02-24 01:48:00,75.37,3.913,ON_BATTERY,DISCHARGING
2026-02-24 01:48:30,75.2,3.913,ON_BATTERY,DISCHARGING
2026-02-24 01:49:00,75.04,3.915,ON_BATTERY,DISCHARGING
2026-02-24 01:49:30,75.04,3.913,ON_BATTERY,DISCHARGING
2026-02-24 01:50:00,74.88,3.91,ON_BATTERY,DISCHARGING
2026-02-24 01:50:30,74.71,3.902,ON_BATTERY,DISCHARGING
2026-02-24 01:51:00,74.71,3.906,ON_BATTERY,DISCHARGING
2026-02-24 01:51:30,74.55,3.906,ON_BATTERY,DISCHARGING
2026-02-24 01:52:00,74.38,3.905,ON_BATTERY,DISCHARGING
2026-02-24 01:52:30,74.38,3.901,ON_BATTERY,DISCHARGING
2026-02-24 01:53:00,74.22,3.897,ON_BATTERY,DISCHARGING
2026-02-24 01:53:30,74.05,3.902,ON_BATTERY,DISCHARGING
2026-02-24 01:54:00,74.05,4.04,AC_CONNECTED,CHARGING
2026-02-24 01:54:30,74.05,4.055,AC_CONNECTED,CHARGING
2026-02-24 01:55:00,74.22,4.058,AC_CONNECTED,CHARGING
2026-02-24 01:55:30,74.22,4.04,AC_CONNECTED,CHARGING
2026-02-24 01:56:00,74.38,4.058,AC_CONNECTED,CHARGING
2026-02-24 01:56:30,74.55,4.07,AC_CONNECTED,CHARGING
2026-02-24 01:57:00,74.55,4.07,AC_CONNECTED,CHARGING
2026-02-24 01:57:30,74.71,4.077,AC_CONNECTED,CHARGING
2026-02-24 01:58:00,74.88,4.076,AC_CONNECTED,CHARGING
2026-02-24 01:58:30,75.04,4.08,AC_CONNECTED,CHARGING
2026-02-24 01:59:00,75.2,4.082,AC_CONNECTED,CHARGING
2026-02-24 01:59:30,75.2,4.088,AC_CONNECTED,CHARGING
2026-02-24 02:00:00,75.37,4.062,AC_CONNECTED,CHARGING
2026-02-24 02:00:30,75.53,4.082,AC_CONNECTED,CHARGING
2026-02-24 02:01:00,75.69,4.089,AC_CONNECTED,CHARGING
2026-02-24 02:01:30,75.69,4.09,AC_CONNECTED,CHARGING
2026-02-24 02:02:00,75.86,4.099,AC_CONNECTED,CHARGING
2026-02-24 02:02:30,76.02,4.103,AC_CONNECTED,CHARGING
2026-02-24 02:03:00,76.18,4.103,AC_CONNECTED,CHARGING
2026-02-24 02:03:30,76.34,4.093,AC_CONNECTED,CHARGING
2026-02-24 02:04:00,76.51,4.107,AC_CONNECTED,CHARGING
2026-02-24 02:04:30,76.67,4.098,AC_CONNECTED,CHARGING
2026-02-24 02:05:00,76.83,4.103,AC_CONNECTED,CHARGING
2026-02-24 02:05:30,77.0,4.122,AC_CONNECTED,CHARGING
2026-02-24 02:06:00,77.16,4.11,AC_CONNECTED,CHARGING
2026-02-24 02:06:30,77.32,4.12,AC_CONNECTED,CHARGING
2026-02-24 02:07:00,77.48,4.1,AC_CONNECTED,CHARGING
2026-02-24 02:07:30,77.65,4.125,AC_CONNECTED,CHARGING
2026-02-24 02:08:00,77.81,4.128,AC_CONNECTED,CHARGING
2026-02-24 02:08:30,77.98,4.12,AC_CONNECTED,CHARGING
2026-02-24 02:09:00,78.14,4.116,AC_CONNECTED,CHARGING
2026-02-24 02:09:30,78.3,4.141,AC_CONNECTED,CHARGING
2026-02-24 02:10:00,78.46,4.143,AC_CONNECTED,CHARGING
2026-02-24 02:10:30,78.63,4.136,AC_CONNECTED,CHARGING
2026-02-24 02:11:00,78.79,4.143,AC_CONNECTED,CHARGING
2026-02-24 02:11:30,78.95,4.14,AC_CONNECTED,CHARGING
2026-02-24 02:12:00,79.12,4.154,AC_CONNECTED,FULL
2026-02-24 02:12:30,79.28,4.15,AC_CONNECTED,FULL
2026-02-24 02:13:00,79.44,4.152,AC_CONNECTED,FULL
2026-02-24 02:13:30,79.61,4.143,AC_CONNECTED,CHARGING
2026-02-24 02:14:00,79.93,4.147,AC_CONNECTED,CHARGING
2026-02-24 02:14:30,80.09,4.157,AC_CONNECTED,FULL
2026-02-24 02:15:00,80.26,4.149,AC_CONNECTED,CHARGING
2026-02-24 02:15:30,80.42,4.151,AC_CONNECTED,FULL
2026-02-24 02:16:00,80.59,4.16,AC_CONNECTED,FULL
2026-02-24 02:16:30,80.75,4.165,AC_CONNECTED,FULL
2026-02-24 02:17:00,80.91,4.165,AC_CONNECTED,FULL
2026-02-24 02:17:30,81.07,4.175,AC_CONNECTED,FULL
2026-02-24 02:18:00,81.4,4.173,AC_CONNECTED,FULL
2026-02-24 02:18:30,81.56,4.178,AC_CONNECTED,FULL
2026-02-24 02:19:00,81.73,4.175,AC_CONNECTED,FULL
2026-02-24 02:19:30,81.89,4.176,AC_CONNECTED,FULL
2026-02-24 02:20:00,82.05,4.183,AC_CONNECTED,FULL
2026-02-24 02:20:30,82.21,4.179,AC_CONNECTED,FULL
2026-02-24 02:21:00,82.54,4.18,AC_CONNECTED,FULL
2026-02-24 02:21:30,82.7,4.165,AC_CONNECTED,FULL
2026-02-24 02:22:00,82.87,4.183,AC_CONNECTED,FULL
2026-02-24 02:22:30,83.03,4.183,AC_CONNECTED,FULL
2026-02-24 02:23:00,83.2,4.183,AC_CONNECTED,FULL
2026-02-24 02:23:30,83.36,4.185,AC_CONNECTED,FULL
2026-02-24 02:24:00,83.52,4.195,AC_CONNECTED,FULL
2026-02-24 02:24:30,83.85,4.189,AC_CONNECTED,FULL
2026-02-24 02:25:00,84.01,4.188,AC_CONNECTED,FULL
2026-02-24 02:25:30,84.17,4.195,AC_CONNECTED,FULL
2026-02-24 02:26:00,84.34,4.185,AC_CONNECTED,FULL
2026-02-24 02:26:30,84.48,4.196,AC_CONNECTED,FULL
2026-02-24 02:27:00,84.62,4.189,AC_CONNECTED,FULL
2026-02-24 02:27:30,84.91,4.197,AC_CONNECTED,FULL
2026-02-24 02:28:00,85.05,4.192,AC_CONNECTED,FULL
2026-02-24 02:28:30,85.2,4.2,AC_CONNECTED,FULL
2026-02-24 02:29:00,85.34,4.195,AC_CONNECTED,FULL
2026-02-24 02:29:30,85.48,4.195,AC_CONNECTED,FULL
2026-02-24 02:30:00,85.63,4.197,AC_CONNECTED,FULL
2026-02-24 02:30:30,85.91,4.197,AC_CONNECTED,FULL
2026-02-24 02:31:00,86.06,4.202,AC_CONNECTED,FULL
2026-02-24 02:31:30,86.2,4.194,AC_CONNECTED,FULL
2026-02-24 02:32:00,86.34,4.205,AC_CONNECTED,FULL
2026-02-24 02:32:30,86.49,4.2,AC_CONNECTED,FULL
2026-02-24 02:33:00,86.63,4.205,AC_CONNECTED,FULL
2026-02-24 02:33:31,86.92,4.202,AC_CONNECTED,FULL
2026-02-24 02:34:01,87.06,4.201,AC_CONNECTED,FULL
2026-02-24 02:34:31,87.21,4.2,AC_CONNECTED,FULL
2026-02-24 02:35:01,87.35,4.2,AC_CONNECTED,FULL
2026-02-24 02:35:31,87.49,4.19,AC_CONNECTED,FULL
2026-02-24 02:36:01,87.64,4.19,AC_CONNECTED,FULL
2026-02-24 02:36:31,87.78,4.192,AC_CONNECTED,FULL
2026-02-24 02:37:01,87.93,4.197,AC_CONNECTED,FULL
2026-02-24 02:37:31,88.07,4.209,AC_CONNECTED,FULL
2026-02-24 02:38:01,88.21,4.204,AC_CONNECTED,FULL
2026-02-24 02:38:31,88.36,4.213,AC_CONNECTED,FULL
2026-02-24 02:39:01,88.5,4.205,AC_CONNECTED,FULL
2026-02-24 02:39:31,88.64,4.207,AC_CONNECTED,FULL
2026-02-24 02:40:01,88.8,4.215,AC_CONNECTED,FULL
2026-02-24 02:40:31,88.96,4.215,AC_CONNECTED,FULL
2026-02-24 02:41:01,89.12,4.215,AC_CONNECTED,FULL
2026-02-24 02:41:31,89.27,4.21,AC_CONNECTED,FULL
2026-02-24 02:42:01,89.43,4.22,AC_CONNECTED,FULL
2026-02-24 02:42:31,89.59,4.209,AC_CONNECTED,FULL
2026-02-24 02:43:01,89.75,4.202,AC_CONNECTED,FULL
2026-02-24 02:43:31,89.91,4.213,AC_CONNECTED,FULL
2026-02-24 02:44:01,89.91,4.215,AC_CONNECTED,FULL
2026-02-24 02:44:31,90.07,4.214,AC_CONNECTED,FULL
2026-02-24 02:45:01,90.22,4.22,AC_CONNECTED,FULL
2026-02-24 02:45:31,90.38,4.223,AC_CONNECTED,FULL
2026-02-24 02:46:01,90.54,4.22,AC_CONNECTED,FULL
2026-02-24 02:46:31,90.7,4.22,AC_CONNECTED,FULL
2026-02-24 02:47:01,90.86,4.209,AC_CONNECTED,FULL
2026-02-24 02:47:31,91.02,4.224,AC_CONNECTED,FULL
2026-02-24 02:48:01,91.17,4.228,AC_CONNECTED,FULL
2026-02-24 02:48:31,91.33,4.228,AC_CONNECTED,FULL
2026-02-24 02:49:01,91.49,4.218,AC_CONNECTED,FULL
2026-02-24 02:49:31,91.65,4.225,AC_CONNECTED,FULL
2026-02-24 02:50:01,91.8,4.226,AC_CONNECTED,FULL
2026-02-24 02:50:31,91.8,4.228,AC_CONNECTED,FULL
2026-02-24 02:51:01,91.96,4.226,AC_CONNECTED,FULL
2026-02-24 02:51:31,92.12,4.226,AC_CONNECTED,FULL
2026-02-24 02:52:01,92.28,4.226,AC_CONNECTED,FULL
2026-02-24 02:52:31,92.44,4.228,AC_CONNECTED,FULL
2026-02-24 02:53:01,92.6,4.228,AC_CONNECTED,FULL
2026-02-24 02:53:31,92.75,4.225,AC_CONNECTED,FULL
2026-02-24 02:54:01,92.75,4.225,AC_CONNECTED,FULL
2026-02-24 02:54:31,92.91,4.225,AC_CONNECTED,FULL
2026-02-24 02:55:01,93.07,4.225,AC_CONNECTED,FULL
2026-02-24 02:55:31,93.23,4.225,AC_CONNECTED,FULL
2026-02-24 02:56:01,93.39,4.224,AC_CONNECTED,FULL
2026-02-24 02:56:31,93.39,4.223,AC_CONNECTED,FULL
2026-02-24 02:57:01,93.55,4.224,AC_CONNECTED,FULL
2026-02-24 02:57:31,93.7,4.225,AC_CONNECTED,FULL
2026-02-24 02:58:01,93.86,4.223,AC_CONNECTED,FULL
2026-02-24 02:58:31,93.86,4.223,AC_CONNECTED,FULL
2026-02-24 02:59:01,94.02,4.223,AC_CONNECTED,FULL
2026-02-24 02:59:31,94.18,4.223,AC_CONNECTED,FULL
2026-02-24 03:00:01,94.34,4.224,AC_CONNECTED,FULL
2026-02-24 03:00:31,94.34,4.224,AC_CONNECTED,FULL
2026-02-24 03:01:01,94.5,4.223,AC_CONNECTED,FULL
2026-02-24 03:01:31,94.65,4.223,AC_CONNECTED,FULL
2026-02-24 03:02:01,94.65,4.223,AC_CONNECTED,FULL
2026-02-24 03:02:31,94.81,4.223,AC_CONNECTED,FULL
2026-02-24 03:03:01,94.97,4.223,AC_CONNECTED,FULL
2026-02-24 03:03:31,94.97,4.221,AC_CONNECTED,FULL
2026-02-24 03:04:01,95.13,4.223,AC_CONNECTED,FULL
2026-02-24 03:04:31,95.29,4.221,AC_CONNECTED,FULL
2026-02-24 03:05:01,95.29,4.221,AC_CONNECTED,FULL
2026-02-24 03:05:31,95.45,4.221,AC_CONNECTED,FULL
2026-02-24 03:06:01,95.45,4.221,AC_CONNECTED,FULL
2026-02-24 03:06:31,95.6,4.221,AC_CONNECTED,FULL
2026-02-24 03:07:01,95.76,4.223,AC_CONNECTED,FULL
2026-02-24 03:07:31,95.76,4.221,AC_CONNECTED,FULL
2026-02-24 03:08:01,95.92,4.221,AC_CONNECTED,FULL
2026-02-24 03:08:31,95.92,4.22,AC_CONNECTED,FULL
2026-02-24 03:09:01,96.08,4.138,ON_BATTERY,DISCHARGING
2026-02-24 03:09:31,96.08,4.13,ON_BATTERY,DISCHARGING
2026-02-24 03:10:01,95.92,4.112,ON_BATTERY,DISCHARGING
2026-02-24 03:10:31,95.92,4.13,ON_BATTERY,DISCHARGING
2026-02-24 03:11:01,95.92,4.125,ON_BATTERY,DISCHARGING
2026-02-24 03:11:31,95.76,4.117,ON_BATTERY,DISCHARGING
2026-02-24 03:12:01,95.76,4.103,ON_BATTERY,DISCHARGING
2026-02-24 03:12:31,95.76,4.11,ON_BATTERY,DISCHARGING
2026-02-24 03:13:01,95.6,4.107,ON_BATTERY,DISCHARGING
2026-02-24 03:13:31,95.6,4.088,ON_BATTERY,DISCHARGING
2026-02-24 03:14:01,95.45,4.095,ON_BATTERY,DISCHARGING
2026-02-24 03:14:31,95.45,4.1,ON_BATTERY,DISCHARGING
2026-02-24 03:15:01,95.45,4.072,ON_BATTERY,DISCHARGING
2026-02-24 03:15:31,95.29,4.096,ON_BATTERY,DISCHARGING
2026-02-24 03:16:01,95.29,4.103,ON_BATTERY,DISCHARGING
2026-02-24 03:16:31,95.13,4.09,ON_BATTERY,DISCHARGING
2026-02-24 03:17:01,95.13,4.088,ON_BATTERY,DISCHARGING
2026-02-24 03:17:31,94.97,4.088,ON_BATTERY,DISCHARGING
2026-02-24 03:18:01,94.97,4.082,ON_BATTERY,DISCHARGING
2026-02-24 03:18:31,94.81,4.082,ON_BATTERY,DISCHARGING
2026-02-24 03:19:01,94.65,4.085,ON_BATTERY,DISCHARGING
2026-02-24 03:19:31,94.65,4.093,ON_BATTERY,DISCHARGING
2026-02-24 03:20:01,94.5,4.082,ON_BATTERY,DISCHARGING
2026-02-24 03:20:31,94.5,4.088,ON_BATTERY,DISCHARGING
2026-02-24 03:21:01,94.34,4.08,ON_BATTERY,DISCHARGING
2026-02-24 03:21:31,94.34,4.08,ON_BATTERY,DISCHARGING
2026-02-24 03:22:01,94.18,4.072,ON_BATTERY,DISCHARGING
2026-02-24 03:22:31,94.18,4.075,ON_BATTERY,DISCHARGING
2026-02-24 03:23:01,94.02,4.067,ON_BATTERY,DISCHARGING
2026-02-24 03:23:31,94.02,4.07,ON_BATTERY,DISCHARGING
2026-02-24 03:24:01,93.86,4.075,ON_BATTERY,DISCHARGING
2026-02-24 03:24:31,93.7,4.072,ON_BATTERY,DISCHARGING
2026-02-24 03:25:01,93.7,4.072,ON_BATTERY,DISCHARGING
2026-02-24 03:25:31,93.55,4.075,ON_BATTERY,DISCHARGING
2026-02-24 03:26:01,93.55,4.059,ON_BATTERY,DISCHARGING
2026-02-24 03:26:31,93.39,4.07,ON_BATTERY,DISCHARGING
2026-02-24 03:27:01,93.23,4.074,ON_BATTERY,DISCHARGING
2026-02-24 03:27:31,93.23,4.076,ON_BATTERY,DISCHARGING
2026-02-24 03:28:01,93.07,4.062,ON_BATTERY,DISCHARGING
2026-02-24 03:28:31,93.07,4.075,ON_BATTERY,DISCHARGING
2026-02-24 03:29:01,92.91,4.062,ON_BATTERY,DISCHARGING
2026-02-24 03:29:31,92.91,4.053,ON_BATTERY,DISCHARGING
2026-02-24 03:30:01,92.75,4.036,ON_BATTERY,DISCHARGING
2026-02-24 03:30:31,92.6,4.055,ON_BATTERY,DISCHARGING
2026-02-24 03:31:01,92.6,4.062,ON_BATTERY,DISCHARGING
2026-02-24 03:31:31,92.44,4.062,ON_BATTERY,DISCHARGING
2026-02-24 03:32:02,92.44,4.065,ON_BATTERY,DISCHARGING
